
DELETE FROM `creature_template` WHERE `entry` IN (54659,54658,54657);
INSERT INTO `creature_template` (`entry`, `name`, `subname`, `IconName`, `type_flags`, `type_flags2`, `type`, `family`, `rank`, `KillCredit1`, `KillCredit2`, `PetSpellDataId`, `modelid1`, `modelid2`, `modelid3`, `modelid4`, `Health_mod`, `Mana_mod`, `RacialLeader`, `questItem1`, `questItem2`, `questItem3`, `questItem4`, `questItem5`, `questItem6`, `movementId`, `exp_unk`, `WDBVerified`) VALUES
(54659, 'Blood Guard Zar''shi', 'Honor Quartermaster', '', 4096, 0, 7, 0, 0, 0, 0, 0, 28300, 0, 0, 0, 2, 1, 0, 0, 0, 0, 0, 0, 0, 0, 0, 15595), -- Blood Guard Zar'shi
(54658, 'Sergeant Thunderhorn', 'Conquest Quartermaster', '', 4096, 0, 7, 0, 0, 0, 0, 0, 14612, 0, 0, 0, 2, 1, 0, 0, 0, 0, 0, 0, 0, 0, 0, 15595), -- Sergeant Thunderhorn
(54657, 'Doris Chiltonius', 'Glorious Conquest Quartermaster', '', 4096, 0, 7, 0, 1, 0, 0, 0, 22602, 0, 0, 0, 2, 2, 0, 0, 0, 0, 0, 0, 0, 0, 0, 15595); -- Doris Chiltonius

UPDATE `creature_template` SET `faction_a`='35', `faction_h`='35' WHERE `entry` IN (54659,54658,54657);
UPDATE `creature_template` SET `npcflag`='4224' WHERE `entry`IN (54659,54658,54657);
UPDATE `creature_template` SET `minlevel`='85', `maxlevel`='85' WHERE `entry` IN (54659,54658,54657);

DELETE FROM `npc_vendor` WHERE `entry` IN (54657);
INSERT INTO `npc_vendor` (`entry`,`item`,`slot`,`maxcount`,`ExtendedCost`,`Type`) VALUES
(54657,73703,1,0,3710,1),
(54657,73702,2,0,3711,1),
(54657,73695,3,0,3727,1),
(54657,73696,4,0,3728,1),
(54657,73700,5,0,3713,1),
(54657,73707,6,0,3723,1),
(54657,73699,7,0,3714,1),
(54657,73433,8,0,3655,1),
(54657,73443,9,0,3656,1),
(54657,73423,10,0,3657,1),
(54657,73424,11,0,3658,1),
(54657,73444,12,0,3660,1),
(54657,73442,13,0,3661,1),
(54657,73436,14,0,3663,1),
(54657,73432,15,0,3662,1),
(54657,73419,16,0,3664,1),
(54657,73421,17,0,3665,1),
(54657,73426,18,0,3666,1),
(54657,73434,19,0,3667,1),
(54657,73428,20,0,3668,1),
(54657,73418,21,0,3669,1),
(54657,73420,22,0,3670,1),
(54657,73437,23,0,3671,1),
(54657,73417,24,0,3672,1),
(54657,73427,25,0,3673,1),
(54657,73430,26,0,3674,1),
(54657,73431,27,0,3675,1),
(54657,73413,28,0,3676,1),
(54657,73435,29,0,3677,1),
(54657,73425,30,0,3678,1),
(54657,73438,31,0,3679,1),
(54657,73412,32,0,3680,1),
(54657,73439,33,0,3681,1),
(54657,73440,34,0,3682,1),
(54657,73414,35,0,3683,1),
(54657,73415,36,0,3684,1),
(54657,73416,37,0,3685,1),
(54657,73441,38,0,3686,1),
(54657,73422,39,0,3687,1),
(54657,74783,40,0,3695,1),
(54657,74784,41,0,3696,1),
(54657,74785,42,0,3697,1),
(54657,73683,43,0,3771,1),
(54657,73684,44,0,3770,1),
(54657,73718,45,0,3731,1),
(54657,73717,46,0,3732,1),
(54657,73716,47,0,3733,1),
(54657,73715,48,0,3734,1),
(54657,73714,49,0,3735,1),
(54657,73737,50,0,3753,1),
(54657,73736,51,0,3754,1),
(54657,73735,52,0,3755,1),
(54657,73734,53,0,3756,1),
(54657,73733,54,0,3757,1),
(54657,73742,55,0,3705,1),
(54657,73741,56,0,3706,1),
(54657,73740,57,0,3707,1),
(54657,73739,58,0,3708,1),
(54657,73738,59,0,3709,1),
(54657,73656,60,0,3799,1),
(54657,73659,61,0,3796,1),
(54657,73660,62,0,3795,1),
(54657,73657,63,0,3798,1),
(54657,73658,64,0,3797,1),
(54657,73726,65,0,3759,1),
(54657,73732,66,0,3758,1),
(54657,73731,67,0,3760,1),
(54657,73730,68,0,3761,1),
(54657,73729,69,0,3762,1),
(54657,73728,70,0,3763,1),
(54657,73727,71,0,3764,1),
(54657,73681,72,0,3773,1),
(54657,73680,73,0,3774,1),
(54657,73679,74,0,3775,1),
(54657,73678,75,0,3776,1),
(54657,73682,76,0,3772,1),
(54657,73670,77,0,3743,1),
(54657,73669,78,0,3744,1),
(54657,73668,79,0,3745,1),
(54657,73667,80,0,3746,1),
(54657,73666,81,0,3747,1),
(54657,73665,82,0,3748,1),
(54657,73664,83,0,3749,1),
(54657,73663,84,0,3750,1),
(54657,73662,85,0,3751,1),
(54657,73661,86,0,3752,1),
(54657,73694,87,0,3785,1),
(54657,73693,88,0,3786,1),
(54657,73692,89,0,3787,1),
(54657,73690,90,0,3789,1),
(54657,73691,91,0,3788,1),
(54657,73701,92,0,3712,1),
(54657,73698,93,0,3715,1),
(54657,73697,94,0,3716,1),
(54657,73655,95,0,3717,1),
(54657,73654,96,0,3718,1),
(54657,73653,97,0,3719,1),
(54657,73652,98,0,3720,1),
(54657,73675,99,0,3738,1),
(54657,73674,100,0,3739,1),
(54657,73673,101,0,3740,1),
(54657,73672,102,0,3741,1),
(54657,73671,103,0,3742,1),
(54657,73677,104,0,3736,1),
(54657,73719,105,0,3730,1),
(54657,73720,106,0,3729,1),
(54657,73676,107,0,3737,1),
(54657,73689,108,0,3790,1),
(54657,73688,109,0,3791,1),
(54657,73687,110,0,3792,1),
(54657,73685,111,0,3794,1),
(54657,73686,112,0,3793,1),
(54657,73708,113,0,3722,1),
(54657,73706,114,0,3724,1),
(54657,73705,115,0,3725,1),
(54657,73704,116,0,3726,1),
(54657,73709,117,0,3784,1),
(54657,73712,118,0,3781,1),
(54657,73713,119,0,3780,1),
(54657,73710,120,0,3783,1),
(54657,73711,121,0,3782,1),
(54657,73744,122,0,3778,1),
(54657,73745,123,0,3777,1),
(54657,73743,124,0,3779,1),
(54657,73721,125,0,3769,1),
(54657,73725,126,0,3765,1),
(54657,73724,127,0,3766,1),
(54657,73723,128,0,3767,1),
(54657,73722,129,0,3768,1);


DELETE FROM `npc_vendor` WHERE `entry` IN (54658);
INSERT INTO `npc_vendor` (`entry`,`item`,`slot`,`maxcount`,`ExtendedCost`,`Type`) VALUES
(54658,73456,1,0,3415,1),
(54658,73457,2,0,3415,1),
(54658,73475,3,0,3415,1),
(54658,73466,4,0,3415,1),
(54658,73476,5,0,3415,1),
(54658,73477,6,0,3415,1),
(54658,73460,7,0,3415,1),
(54658,73470,8,0,3415,1),
(54658,73463,9,0,3415,1),
(54658,73462,10,0,3415,1),
(54658,73465,11,0,3417,1),
(54658,73469,12,0,3417,1),
(54658,73461,13,0,3417,1),
(54658,73451,14,0,3417,1),
(54658,73453,15,0,3417,1),
(54658,73468,16,0,3417,1),
(54658,73458,17,0,3417,1),
(54658,73446,18,0,3417,1),
(54658,73467,19,0,3416,1),
(54658,73452,20,0,3416,1),
(54658,73454,21,0,3416,1),
(54658,73459,22,0,3416,1),
(54658,73455,23,0,3416,1),
(54658,73447,24,0,3416,1),
(54658,73473,25,0,3416,1),
(54658,73472,26,0,3416,1),
(54658,73449,27,0,3416,1),
(54658,73448,28,0,3416,1),
(54658,73474,29,0,3416,1),
(54658,73464,30,0,3652,1),
(54658,73450,31,0,3652,1),
(54658,73445,32,0,3652,1),
(54658,73471,33,0,3652,1),
(54658,73490,34,0,3652,1),
(54658,73624,35,0,3652,1),
(54658,73594,36,0,3652,1),
(54658,73642,37,0,3652,1),
(54658,73492,38,0,3168,1),
(54658,73493,39,0,3168,1),
(54658,73625,40,0,3168,1),
(54658,73627,41,0,3168,1),
(54658,73626,42,0,3168,1),
(54658,73488,43,0,3168,1),
(54658,73489,44,0,3168,1),
(54658,73621,45,0,3168,1),
(54658,73622,46,0,3168,1),
(54658,73623,47,0,3168,1),
(54658,73495,48,0,3168,1),
(54658,73494,49,0,3168,1),
(54658,73628,50,0,3168,1),
(54658,73629,51,0,3168,1),
(54658,73630,52,0,3168,1),
(54658,73518,53,0,3168,1),
(54658,73519,54,0,3168,1),
(54658,73550,55,0,3168,1),
(54658,73551,56,0,3168,1),
(54658,73528,57,0,3168,1),
(54658,73529,58,0,3168,1),
(54658,73608,59,0,3168,1),
(54658,73561,60,0,3168,1),
(54658,73562,61,0,3168,1),
(54658,73647,62,0,3168,1),
(54658,73646,63,0,3168,1),
(54658,73633,64,0,3168,1),
(54658,73631,65,0,3168,1),
(54658,73632,66,0,3168,1),
(54658,73645,67,0,3168,1),
(54658,73644,68,0,3168,1),
(54658,73640,69,0,3168,1),
(54658,73641,70,0,3168,1),
(54658,73585,71,0,3168,1),
(54658,73586,72,0,3168,1),
(54658,73549,73,0,3168,1),
(54658,73545,74,0,3168,1),
(54658,73559,75,0,3168,1),
(54658,73556,76,0,3168,1),
(54658,73481,77,0,3168,1),
(54658,73478,78,0,3168,1),
(54658,73516,79,0,3168,1),
(54658,73513,80,0,3168,1),
(54658,73587,81,0,3168,1),
(54658,73521,82,0,3168,1),
(54658,73588,83,0,3168,1),
(54658,73520,84,0,3168,1),
(54658,73544,85,0,3168,1),
(54658,73540,86,0,3168,1),
(54658,73570,87,0,3168,1),
(54658,73567,88,0,3168,1),
(54658,73507,89,0,3168,1),
(54658,73522,90,0,3168,1),
(54658,73572,91,0,3168,1),
(54658,73576,92,0,3168,1),
(54658,73635,93,0,3168,1),
(54658,73636,94,0,3168,1),
(54658,73634,95,0,3168,1),
(54658,73532,96,0,3168,1),
(54658,73533,97,0,3168,1),
(54658,73552,98,0,3168,1),
(54658,73553,99,0,3168,1),
(54658,73599,100,0,3168,1),
(54658,73595,101,0,3168,1),
(54658,73584,102,0,3170,1),
(54658,73582,103,0,3170,1),
(54658,73581,104,0,3170,1),
(54658,73614,105,0,3170,1),
(54658,73613,106,0,3170,1),
(54658,73612,107,0,3170,1),
(54658,73620,108,0,3170,1),
(54658,73618,109,0,3170,1),
(54658,73617,110,0,3170,1),
(54658,73486,111,0,3170,1),
(54658,73484,112,0,3170,1),
(54658,73485,113,0,3170,1),
(54658,73606,114,0,3170,1),
(54658,73605,115,0,3170,1),
(54658,73604,116,0,3170,1),
(54658,73525,117,0,3170,1),
(54658,73524,118,0,3170,1),
(54658,73527,119,0,3170,1),
(54658,73512,120,0,3170,1),
(54658,73510,121,0,3170,1),
(54658,73509,121,0,3170,1),
(54658,73506,122,0,3170,1),
(54658,73504,123,0,3170,1),
(54658,73503,124,0,3170,1),
(54658,73548,125,0,3170,1),
(54658,73547,126,0,3170,1),
(54658,73546,127,0,3170,1),
(54658,73560,128,0,3170,1),
(54658,73558,129,0,3170,1),
(54658,73557,130,0,3170,1),
(54658,73482,131,0,3170,1),
(54658,73480,132,0,3170,1),
(54658,73479,133,0,3170,1),
(54658,73517,134,0,3170,1),
(54658,73515,135,0,3170,1),
(54658,73514,136,0,3170,1),
(54658,73543,137,0,3170,1),
(54658,73542,138,0,3170,1),
(54658,73541,139,0,3170,1),
(54658,73571,140,0,3170,1),
(54658,73569,141,0,3170,1),
(54658,73568,142,0,3170,1),
(54658,73575,143,0,3170,1),
(54658,73573,144,0,3170,1),
(54658,73574,145,0,3170,1),
(54658,73598,146,0,3170,1),
(54658,73597,147,0,3170,1),
(54658,73596,148,0,3170,1),
(54658,77130,149,0,3872,1),
(54658,77131,150,0,3872,1),
(54658,77132,151,0,3872,1),
(54658,77133,152,0,3872,1),
(54658,77134,153,0,3872,1),
(54658,77154,154,0,3872,1),
(54658,77136,155,0,3872,1),
(54658,77137,156,0,3872,1),
(54658,77138,157,0,3872,1),
(54658,77139,158,0,3872,1),
(54658,77140,159,0,3872,1),
(54658,77141,160,0,3872,1),
(54658,77142,161,0,3872,1),
(54658,77143,162,0,3872,1),
(54658,77144,163,0,3872,1);


DELETE FROM `npc_vendor` WHERE `entry` IN (54659);
INSERT INTO `npc_vendor` (`entry`,`item`,`slot`,`maxcount`,`ExtendedCost`,`Type`) VALUES
(54659,70231,1,0,3550,1),
(54659,70226,2,0,3550,1),
(54659,70224,3,0,3550,1),
(54659,70213,4,0,3550,1),
(54659,70227,5,0,3550,1),
(54659,70238,6,0,3550,1),
(54659,70236,7,0,3550,1),
(54659,70225,8,0,3550,1),
(54659,70237,9,0,3550,1),
(54659,70228,10,0,3550,1),
(54659,72368,11,0,3162,1),
(54659,72370,12,0,3162,1),
(54659,72371,13,0,3162,1),
(54659,72338,14,0,3162,1),
(54659,72339,15,0,3162,1),
(54659,72340,16,0,3162,1),
(54659,72332,17,0,3162,1),
(54659,72334,18,0,3162,1),
(54659,72335,19,0,3162,1),
(54659,72460,20,0,3162,1),
(54659,72462,21,0,3162,1),
(54659,72461,22,0,3162,1),
(54659,72346,23,0,3162,1),
(54659,72347,24,0,3162,1),
(54659,72348,25,0,3162,1),
(54659,72424,26,0,3162,1),
(54659,72425,27,0,3162,1),
(54659,72422,28,0,3162,1),
(54659,72437,29,0,3162,1),
(54659,72439,30,0,3162,1),
(54659,72440,31,0,3162,1),
(54659,72443,32,0,3162,1),
(54659,72445,33,0,3162,1),
(54659,72446,34,0,3162,1),
(54659,72401,35,0,3162,1),
(54659,72402,36,0,3162,1),
(54659,72403,37,0,3162,1),
(54659,72389,38,0,3162,1),
(54659,72391,39,0,3162,1),
(54659,72392,40,0,3162,1),
(54659,72464,41,0,3162,1),
(54659,72466,42,0,3162,1),
(54659,72467,43,0,3162,1),
(54659,72432,44,0,3162,1),
(54659,72434,45,0,3162,1),
(54659,72435,46,0,3162,1),
(54659,72406,47,0,3162,1),
(54659,72407,48,0,3162,1),
(54659,72408,49,0,3162,1),
(54659,72378,50,0,3162,1),
(54659,72380,51,0,3162,1),
(54659,72381,52,0,3162,1),
(54659,72374,53,0,3162,1),
(54659,72376,54,0,3162,1),
(54659,72375,55,0,3162,1),
(54659,72354,56,0,3162,1),
(54659,72355,57,0,3162,1),
(54659,72356,58,0,3162,1),
(54659,68774,59,0,1005,1),
(54659,68772,60,0,1005,1),
(54659,68773,61,0,1005,1),
(54659,72304,62,0,3163,1),
(54659,72448,63,0,3163,1),
(54659,72450,64,0,3163,1),
(54659,72350,65,0,3163,1),
(54659,72342,66,0,3163,1),
(54659,72419,67,0,3163,1),
(54659,72418,68,0,3163,1),
(54659,72369,69,0,3163,1),
(54659,72372,70,0,3163,1),
(54659,72383,71,0,3163,1),
(54659,72384,72,0,3163,1),
(54659,72314,73,0,3163,1),
(54659,72313,74,0,3163,1),
(54659,72315,75,0,3163,1),
(54659,72337,76,0,3163,1),
(54659,72341,77,0,3163,1),
(54659,72333,78,0,3163,1),
(54659,72336,79,0,3163,1),
(54659,72359,80,0,3163,1),
(54659,72361,81,0,3163,1),
(54659,72360,82,0,3163,1),
(54659,72463,83,0,3163,1),
(54659,72459,84,0,3163,1),
(54659,72351,85,0,3163,1),
(54659,72343,86,0,3163,1),
(54659,72394,87,0,3163,1),
(54659,72395,88,0,3163,1),
(54659,72385,89,0,3163,1),
(54659,72386,90,0,3163,1),
(54659,72309,91,0,3163,1),
(54659,72449,92,0,3163,1),
(54659,72455,93,0,3163,1),
(54659,72345,94,0,3163,1),
(54659,72349,95,0,3163,1),
(54659,72423,96,0,3163,1),
(54659,72426,97,0,3163,1),
(54659,72438,98,0,3163,1),
(54659,72441,99,0,3163,1),
(54659,72363,100,0,3163,1),
(54659,72362,101,0,3163,1),
(54659,72444,102,0,3163,1),
(54659,72447,103,0,3163,1),
(54659,72410,104,0,3163,1),
(54659,72415,105,0,3163,1),
(54659,72413,106,0,3163,1),
(54659,72400,107,0,3163,1),
(54659,72404,108,0,3163,1),
(54659,72390,109,0,3163,1),
(54659,72393,110,0,3163,1),
(54659,72465,111,0,3163,1),
(54659,72468,112,0,3163,1),
(54659,72433,113,0,3163,1),
(54659,72436,114,0,3163,1),
(54659,72365,115,0,3163,1),
(54659,72428,116,0,3163,1),
(54659,72364,117,0,3163,1),
(54659,72429,118,0,3163,1),
(54659,72405,119,0,3163,1),
(54659,72409,120,0,3163,1),
(54659,72379,121,0,3163,1),
(54659,72382,122,0,3163,1),
(54659,72377,123,0,3163,1),
(54659,72373,124,0,3163,1),
(54659,72317,125,0,3163,1),
(54659,72316,126,0,3163,1),
(54659,72318,127,0,3163,1),
(54659,72417,128,0,3163,1),
(54659,72416,129,0,3163,1),
(54659,72442,130,0,3163,1),
(54659,72427,131,0,3163,1),
(54659,72397,132,0,3163,1),
(54659,72396,133,0,3163,1),
(54659,72353,134,0,3163,1),
(54659,72357,135,0,3163,1),
(54659,72431,136,0,3164,1),
(54659,72430,137,0,3164,1),
(54659,72399,138,0,3164,1),
(54659,72398,139,0,3164,1),
(54659,72421,140,0,3164,1),
(54659,72420,141,0,3164,1),
(54659,72330,142,0,3164,1),
(54659,72329,143,0,3164,1),
(54659,72331,144,0,3164,1),
(54659,72344,145,0,3164,1),
(54659,72352,146,0,3164,1),
(54659,72388,147,0,3164,1),
(54659,72387,148,0,3164,1),
(54659,72305,149,0,3164,1),
(54659,72306,150,0,3164,1),
(54659,72454,151,0,3164,1),
(54659,72453,152,0,3164,1),
(54659,72451,153,0,3164,1),
(54659,72452,154,0,3164,1),
(54659,72319,155,0,3164,1),
(54659,72321,156,0,3164,1),
(54659,72320,157,0,3164,1),
(54659,72323,158,0,3164,1),
(54659,72324,159,0,3164,1),
(54659,72322,160,0,3164,1),
(54659,72307,161,0,3164,1),
(54659,72308,162,0,3164,1),
(54659,72325,163,0,3164,1),
(54659,72326,164,0,3164,1),
(54659,72327,165,0,3164,1),
(54659,72312,166,0,3164,1),
(54659,72311,167,0,3164,1),
(54659,72458,168,0,3164,1),
(54659,72457,169,0,3164,1),
(54659,72367,170,0,3164,1),
(54659,72366,171,0,3164,1),
(54659,68769,172,0,2552,1),
(54659,68770,173,0,2552,1),
(54659,68768,174,0,2552,1),
(54659,70242,175,0,3551,1),
(54659,70239,176,0,3551,1),
(54659,70219,177,0,3551,1),
(54659,70218,178,0,3551,1),
(54659,70243,179,0,3551,1),
(54659,70240,180,0,3551,1),
(54659,70241,181,0,3551,1),
(54659,70215,182,0,3551,1),
(54659,70235,183,0,3552,1),
(54659,70234,184,0,3552,1),
(54659,70233,185,0,3552,1),
(54659,70232,186,0,3552,1),
(54659,72456,187,0,3552,1),
(54659,72328,188,0,3552,1),
(54659,72358,189,0,3552,1),
(54659,72310,190,0,3552,1),
(54659,70222,191,0,3549,1),
(54659,70211,192,0,3549,1),
(54659,70223,193,0,3549,1),
(54659,70212,194,0,3549,1),
(54659,70221,195,0,3549,1),
(54659,70230,196,0,3549,1),
(54659,70220,197,0,3549,1),
(54659,70217,198,0,3549,1),
(54659,70214,199,0,3549,1),
(54659,70229,200,0,3549,1),
(54659,70216,201,0,3549,1);


DELETE FROM `creature_template` WHERE `entry` IN (54662,54661,54660);
INSERT INTO `creature_template` (`entry`, `name`, `subname`, `IconName`, `type_flags`, `type_flags2`, `type`, `family`, `rank`, `KillCredit1`, `KillCredit2`, `PetSpellDataId`, `modelid1`, `modelid2`, `modelid3`, `modelid4`, `Health_mod`, `Mana_mod`, `RacialLeader`, `questItem1`, `questItem2`, `questItem3`, `questItem4`, `questItem5`, `questItem6`, `movementId`, `exp_unk`, `WDBVerified`) VALUES
(54662, 'Knight-Lieutenant T''Maire Sydes', 'Honor Quartermaster', '', 4096, 0, 7, 0, 0, 0, 0, 0, 31953, 0, 0, 0, 2, 1, 0, 0, 0, 0, 0, 0, 0, 0, 0, 15595), -- Knight-Lieutenant T'Maire Sydes
(54661, 'Captain Dirgehammer', 'Conquest Quartermaster', '', 4096, 0, 7, 0, 0, 0, 0, 0, 12917, 0, 0, 0, 2, 1, 0, 0, 0, 0, 0, 0, 0, 0, 0, 15595), -- Captain Dirgehammer
(54660, 'Lieutenant Tristia', 'Glorious Conquest Quartermaster', '', 4096, 0, 7, 0, 0, 0, 0, 0, 21512, 0, 0, 0, 2, 1, 0, 0, 0, 0, 0, 0, 0, 0, 0, 15595); -- Lieutenant Tristia

UPDATE `creature_template` SET `faction_a`='35', `faction_h`='35' WHERE `entry` IN (54662,54661,54660);
UPDATE `creature_template` SET `npcflag`='4224' WHERE `entry`IN (54662,54661,54660);
UPDATE `creature_template` SET `minlevel`='85', `maxlevel`='85' WHERE `entry` IN (54662,54661,54660);

DELETE FROM `npc_vendor` WHERE `entry` IN (54660);
INSERT INTO `npc_vendor` (`entry`,`item`,`slot`,`maxcount`,`ExtendedCost`,`Type`) VALUES
(54660,73703,1,0,3710,1),
(54660,73702,2,0,3711,1),
(54660,73695,3,0,3727,1),
(54660,73696,4,0,3728,1),
(54660,73700,5,0,3713,1),
(54660,73707,6,0,3723,1),
(54660,73699,7,0,3714,1),
(54660,73433,8,0,3655,1),
(54660,73443,9,0,3656,1),
(54660,73423,10,0,3657,1),
(54660,73424,11,0,3658,1),
(54660,73444,12,0,3660,1),
(54660,73442,13,0,3661,1),
(54660,73436,14,0,3663,1),
(54660,73432,15,0,3662,1),
(54660,73419,16,0,3664,1),
(54660,73421,17,0,3665,1),
(54660,73426,18,0,3666,1),
(54660,73434,19,0,3667,1),
(54660,73428,20,0,3668,1),
(54660,73418,21,0,3669,1),
(54660,73420,22,0,3670,1),
(54660,73437,23,0,3671,1),
(54660,73417,24,0,3672,1),
(54660,73427,25,0,3673,1),
(54660,73430,26,0,3674,1),
(54660,73431,27,0,3675,1),
(54660,73413,28,0,3676,1),
(54660,73435,29,0,3677,1),
(54660,73425,30,0,3678,1),
(54660,73438,31,0,3679,1),
(54660,73412,32,0,3680,1),
(54660,73439,33,0,3681,1),
(54660,73440,34,0,3682,1),
(54660,73414,35,0,3683,1),
(54660,73415,36,0,3684,1),
(54660,73416,37,0,3685,1),
(54660,73441,38,0,3686,1),
(54660,73422,39,0,3687,1),
(54660,74783,40,0,3695,1),
(54660,74784,41,0,3696,1),
(54660,74785,42,0,3697,1),
(54660,73683,43,0,3771,1),
(54660,73684,44,0,3770,1),
(54660,73718,45,0,3731,1),
(54660,73717,46,0,3732,1),
(54660,73716,47,0,3733,1),
(54660,73715,48,0,3734,1),
(54660,73714,49,0,3735,1),
(54660,73737,50,0,3753,1),
(54660,73736,51,0,3754,1),
(54660,73735,52,0,3755,1),
(54660,73734,53,0,3756,1),
(54660,73733,54,0,3757,1),
(54660,73742,55,0,3705,1),
(54660,73741,56,0,3706,1),
(54660,73740,57,0,3707,1),
(54660,73739,58,0,3708,1),
(54660,73738,59,0,3709,1),
(54660,73656,60,0,3799,1),
(54660,73659,61,0,3796,1),
(54660,73660,62,0,3795,1),
(54660,73657,63,0,3798,1),
(54660,73658,64,0,3797,1),
(54660,73726,65,0,3759,1),
(54660,73732,66,0,3758,1),
(54660,73731,67,0,3760,1),
(54660,73730,68,0,3761,1),
(54660,73729,69,0,3762,1),
(54660,73728,70,0,3763,1),
(54660,73727,71,0,3764,1),
(54660,73681,72,0,3773,1),
(54660,73680,73,0,3774,1),
(54660,73679,74,0,3775,1),
(54660,73678,75,0,3776,1),
(54660,73682,76,0,3772,1),
(54660,73670,77,0,3743,1),
(54660,73669,78,0,3744,1),
(54660,73668,79,0,3745,1),
(54660,73667,80,0,3746,1),
(54660,73666,81,0,3747,1),
(54660,73665,82,0,3748,1),
(54660,73664,83,0,3749,1),
(54660,73663,84,0,3750,1),
(54660,73662,85,0,3751,1),
(54660,73661,86,0,3752,1),
(54660,73694,87,0,3785,1),
(54660,73693,88,0,3786,1),
(54660,73692,89,0,3787,1),
(54660,73690,90,0,3789,1),
(54660,73691,91,0,3788,1),
(54660,73701,92,0,3712,1),
(54660,73698,93,0,3715,1),
(54660,73697,94,0,3716,1),
(54660,73655,95,0,3717,1),
(54660,73654,96,0,3718,1),
(54660,73653,97,0,3719,1),
(54660,73652,98,0,3720,1),
(54660,73675,99,0,3738,1),
(54660,73674,100,0,3739,1),
(54660,73673,101,0,3740,1),
(54660,73672,102,0,3741,1),
(54660,73671,103,0,3742,1),
(54660,73677,104,0,3736,1),
(54660,73719,105,0,3730,1),
(54660,73720,106,0,3729,1),
(54660,73676,107,0,3737,1),
(54660,73689,108,0,3790,1),
(54660,73688,109,0,3791,1),
(54660,73687,110,0,3792,1),
(54660,73685,111,0,3794,1),
(54660,73686,112,0,3793,1),
(54660,73708,113,0,3722,1),
(54660,73706,114,0,3724,1),
(54660,73705,115,0,3725,1),
(54660,73704,116,0,3726,1),
(54660,73709,117,0,3784,1),
(54660,73712,118,0,3781,1),
(54660,73713,119,0,3780,1),
(54660,73710,120,0,3783,1),
(54660,73711,121,0,3782,1),
(54660,73744,122,0,3778,1),
(54660,73745,123,0,3777,1),
(54660,73743,124,0,3779,1),
(54660,73721,125,0,3769,1),
(54660,73725,126,0,3765,1),
(54660,73724,127,0,3766,1),
(54660,73723,128,0,3767,1),
(54660,73722,129,0,3768,1);


DELETE FROM `npc_vendor` WHERE `entry` IN (54661);
INSERT INTO `npc_vendor` (`entry`,`item`,`slot`,`maxcount`,`ExtendedCost`,`Type`) VALUES
(54661,73456,1,0,3415,1),
(54661,73457,2,0,3415,1),
(54661,73475,3,0,3415,1),
(54661,73466,4,0,3415,1),
(54661,73476,5,0,3415,1),
(54661,73477,6,0,3415,1),
(54661,73460,7,0,3415,1),
(54661,73470,8,0,3415,1),
(54661,73463,9,0,3415,1),
(54661,73462,10,0,3415,1),
(54661,73465,11,0,3417,1),
(54661,73469,12,0,3417,1),
(54661,73461,13,0,3417,1),
(54661,73451,14,0,3417,1),
(54661,73453,15,0,3417,1),
(54661,73468,16,0,3417,1),
(54661,73458,17,0,3417,1),
(54661,73446,18,0,3417,1),
(54661,73467,19,0,3416,1),
(54661,73452,20,0,3416,1),
(54661,73454,21,0,3416,1),
(54661,73459,22,0,3416,1),
(54661,73455,23,0,3416,1),
(54661,73447,24,0,3416,1),
(54661,73473,25,0,3416,1),
(54661,73472,26,0,3416,1),
(54661,73449,27,0,3416,1),
(54661,73448,28,0,3416,1),
(54661,73474,29,0,3416,1),
(54661,73464,30,0,3652,1),
(54661,73450,31,0,3652,1),
(54661,73445,32,0,3652,1),
(54661,73471,33,0,3652,1),
(54661,73490,34,0,3652,1),
(54661,73624,35,0,3652,1),
(54661,73594,36,0,3652,1),
(54661,73642,37,0,3652,1),
(54661,73492,38,0,3168,1),
(54661,73493,39,0,3168,1),
(54661,73625,40,0,3168,1),
(54661,73627,41,0,3168,1),
(54661,73626,42,0,3168,1),
(54661,73488,43,0,3168,1),
(54661,73489,44,0,3168,1),
(54661,73621,45,0,3168,1),
(54661,73622,46,0,3168,1),
(54661,73623,47,0,3168,1),
(54661,73495,48,0,3168,1),
(54661,73494,49,0,3168,1),
(54661,73628,50,0,3168,1),
(54661,73629,51,0,3168,1),
(54661,73630,52,0,3168,1),
(54661,73518,53,0,3168,1),
(54661,73519,54,0,3168,1),
(54661,73550,55,0,3168,1),
(54661,73551,56,0,3168,1),
(54661,73528,57,0,3168,1),
(54661,73529,58,0,3168,1),
(54661,73608,59,0,3168,1),
(54661,73561,60,0,3168,1),
(54661,73562,61,0,3168,1),
(54661,73647,62,0,3168,1),
(54661,73646,63,0,3168,1),
(54661,73633,64,0,3168,1),
(54661,73631,65,0,3168,1),
(54661,73632,66,0,3168,1),
(54661,73645,67,0,3168,1),
(54661,73644,68,0,3168,1),
(54661,73640,69,0,3168,1),
(54661,73641,70,0,3168,1),
(54661,73585,71,0,3168,1),
(54661,73586,72,0,3168,1),
(54661,73549,73,0,3168,1),
(54661,73545,74,0,3168,1),
(54661,73559,75,0,3168,1),
(54661,73556,76,0,3168,1),
(54661,73481,77,0,3168,1),
(54661,73478,78,0,3168,1),
(54661,73516,79,0,3168,1),
(54661,73513,80,0,3168,1),
(54661,73587,81,0,3168,1),
(54661,73521,82,0,3168,1),
(54661,73588,83,0,3168,1),
(54661,73520,84,0,3168,1),
(54661,73544,85,0,3168,1),
(54661,73540,86,0,3168,1),
(54661,73570,87,0,3168,1),
(54661,73567,88,0,3168,1),
(54661,73507,89,0,3168,1),
(54661,73522,90,0,3168,1),
(54661,73572,91,0,3168,1),
(54661,73576,92,0,3168,1),
(54661,73635,93,0,3168,1),
(54661,73636,94,0,3168,1),
(54661,73634,95,0,3168,1),
(54661,73532,96,0,3168,1),
(54661,73533,97,0,3168,1),
(54661,73552,98,0,3168,1),
(54661,73553,99,0,3168,1),
(54661,73599,100,0,3168,1),
(54661,73595,101,0,3168,1),
(54661,73584,102,0,3170,1),
(54661,73582,103,0,3170,1),
(54661,73581,104,0,3170,1),
(54661,73614,105,0,3170,1),
(54661,73613,106,0,3170,1),
(54661,73612,107,0,3170,1),
(54661,73620,108,0,3170,1),
(54661,73618,109,0,3170,1),
(54661,73617,110,0,3170,1),
(54661,73486,111,0,3170,1),
(54661,73484,112,0,3170,1),
(54661,73485,113,0,3170,1),
(54661,73606,114,0,3170,1),
(54661,73605,115,0,3170,1),
(54661,73604,116,0,3170,1),
(54661,73525,117,0,3170,1),
(54661,73524,118,0,3170,1),
(54661,73527,119,0,3170,1),
(54661,73512,120,0,3170,1),
(54661,73510,121,0,3170,1),
(54661,73509,121,0,3170,1),
(54661,73506,122,0,3170,1),
(54661,73504,123,0,3170,1),
(54661,73503,124,0,3170,1),
(54661,73548,125,0,3170,1),
(54661,73547,126,0,3170,1),
(54661,73546,127,0,3170,1),
(54661,73560,128,0,3170,1),
(54661,73558,129,0,3170,1),
(54661,73557,130,0,3170,1),
(54661,73482,131,0,3170,1),
(54661,73480,132,0,3170,1),
(54661,73479,133,0,3170,1),
(54661,73517,134,0,3170,1),
(54661,73515,135,0,3170,1),
(54661,73514,136,0,3170,1),
(54661,73543,137,0,3170,1),
(54661,73542,138,0,3170,1),
(54661,73541,139,0,3170,1),
(54661,73571,140,0,3170,1),
(54661,73569,141,0,3170,1),
(54661,73568,142,0,3170,1),
(54661,73575,143,0,3170,1),
(54661,73573,144,0,3170,1),
(54661,73574,145,0,3170,1),
(54661,73598,146,0,3170,1),
(54661,73597,147,0,3170,1),
(54661,73596,148,0,3170,1),
(54661,77130,149,0,3872,1),
(54661,77131,150,0,3872,1),
(54661,77132,151,0,3872,1),
(54661,77133,152,0,3872,1),
(54661,77134,153,0,3872,1),
(54661,77154,154,0,3872,1),
(54661,77136,155,0,3872,1),
(54661,77137,156,0,3872,1),
(54661,77138,157,0,3872,1),
(54661,77139,158,0,3872,1),
(54661,77140,159,0,3872,1),
(54661,77141,160,0,3872,1),
(54661,77142,161,0,3872,1),
(54661,77143,162,0,3872,1),
(54661,77144,163,0,3872,1);


DELETE FROM `npc_vendor` WHERE `entry` IN (54662);
INSERT INTO `npc_vendor` (`entry`,`item`,`slot`,`maxcount`,`ExtendedCost`,`Type`) VALUES
(54662,70231,1,0,3550,1),
(54662,70226,2,0,3550,1),
(54662,70224,3,0,3550,1),
(54662,70213,4,0,3550,1),
(54662,70227,5,0,3550,1),
(54662,70238,6,0,3550,1),
(54662,70236,7,0,3550,1),
(54662,70225,8,0,3550,1),
(54662,70237,9,0,3550,1),
(54662,70228,10,0,3550,1),
(54662,72368,11,0,3162,1),
(54662,72370,12,0,3162,1),
(54662,72371,13,0,3162,1),
(54662,72338,14,0,3162,1),
(54662,72339,15,0,3162,1),
(54662,72340,16,0,3162,1),
(54662,72332,17,0,3162,1),
(54662,72334,18,0,3162,1),
(54662,72335,19,0,3162,1),
(54662,72460,20,0,3162,1),
(54662,72462,21,0,3162,1),
(54662,72461,22,0,3162,1),
(54662,72346,23,0,3162,1),
(54662,72347,24,0,3162,1),
(54662,72348,25,0,3162,1),
(54662,72424,26,0,3162,1),
(54662,72425,27,0,3162,1),
(54662,72422,28,0,3162,1),
(54662,72437,29,0,3162,1),
(54662,72439,30,0,3162,1),
(54662,72440,31,0,3162,1),
(54662,72443,32,0,3162,1),
(54662,72445,33,0,3162,1),
(54662,72446,34,0,3162,1),
(54662,72401,35,0,3162,1),
(54662,72402,36,0,3162,1),
(54662,72403,37,0,3162,1),
(54662,72389,38,0,3162,1),
(54662,72391,39,0,3162,1),
(54662,72392,40,0,3162,1),
(54662,72464,41,0,3162,1),
(54662,72466,42,0,3162,1),
(54662,72467,43,0,3162,1),
(54662,72432,44,0,3162,1),
(54662,72434,45,0,3162,1),
(54662,72435,46,0,3162,1),
(54662,72406,47,0,3162,1),
(54662,72407,48,0,3162,1),
(54662,72408,49,0,3162,1),
(54662,72378,50,0,3162,1),
(54662,72380,51,0,3162,1),
(54662,72381,52,0,3162,1),
(54662,72374,53,0,3162,1),
(54662,72376,54,0,3162,1),
(54662,72375,55,0,3162,1),
(54662,72354,56,0,3162,1),
(54662,72355,57,0,3162,1),
(54662,72356,58,0,3162,1),
(54662,68774,59,0,1005,1),
(54662,68772,60,0,1005,1),
(54662,68773,61,0,1005,1),
(54662,72304,62,0,3163,1),
(54662,72448,63,0,3163,1),
(54662,72450,64,0,3163,1),
(54662,72350,65,0,3163,1),
(54662,72342,66,0,3163,1),
(54662,72419,67,0,3163,1),
(54662,72418,68,0,3163,1),
(54662,72369,69,0,3163,1),
(54662,72372,70,0,3163,1),
(54662,72383,71,0,3163,1),
(54662,72384,72,0,3163,1),
(54662,72314,73,0,3163,1),
(54662,72313,74,0,3163,1),
(54662,72315,75,0,3163,1),
(54662,72337,76,0,3163,1),
(54662,72341,77,0,3163,1),
(54662,72333,78,0,3163,1),
(54662,72336,79,0,3163,1),
(54662,72359,80,0,3163,1),
(54662,72361,81,0,3163,1),
(54662,72360,82,0,3163,1),
(54662,72463,83,0,3163,1),
(54662,72459,84,0,3163,1),
(54662,72351,85,0,3163,1),
(54662,72343,86,0,3163,1),
(54662,72394,87,0,3163,1),
(54662,72395,88,0,3163,1),
(54662,72385,89,0,3163,1),
(54662,72386,90,0,3163,1),
(54662,72309,91,0,3163,1),
(54662,72449,92,0,3163,1),
(54662,72455,93,0,3163,1),
(54662,72345,94,0,3163,1),
(54662,72349,95,0,3163,1),
(54662,72423,96,0,3163,1),
(54662,72426,97,0,3163,1),
(54662,72438,98,0,3163,1),
(54662,72441,99,0,3163,1),
(54662,72363,100,0,3163,1),
(54662,72362,101,0,3163,1),
(54662,72444,102,0,3163,1),
(54662,72447,103,0,3163,1),
(54662,72410,104,0,3163,1),
(54662,72415,105,0,3163,1),
(54662,72413,106,0,3163,1),
(54662,72400,107,0,3163,1),
(54662,72404,108,0,3163,1),
(54662,72390,109,0,3163,1),
(54662,72393,110,0,3163,1),
(54662,72465,111,0,3163,1),
(54662,72468,112,0,3163,1),
(54662,72433,113,0,3163,1),
(54662,72436,114,0,3163,1),
(54662,72365,115,0,3163,1),
(54662,72428,116,0,3163,1),
(54662,72364,117,0,3163,1),
(54662,72429,118,0,3163,1),
(54662,72405,119,0,3163,1),
(54662,72409,120,0,3163,1),
(54662,72379,121,0,3163,1),
(54662,72382,122,0,3163,1),
(54662,72377,123,0,3163,1),
(54662,72373,124,0,3163,1),
(54662,72317,125,0,3163,1),
(54662,72316,126,0,3163,1),
(54662,72318,127,0,3163,1),
(54662,72417,128,0,3163,1),
(54662,72416,129,0,3163,1),
(54662,72442,130,0,3163,1),
(54662,72427,131,0,3163,1),
(54662,72397,132,0,3163,1),
(54662,72396,133,0,3163,1),
(54662,72353,134,0,3163,1),
(54662,72357,135,0,3163,1),
(54662,72431,136,0,3164,1),
(54662,72430,137,0,3164,1),
(54662,72399,138,0,3164,1),
(54662,72398,139,0,3164,1),
(54662,72421,140,0,3164,1),
(54662,72420,141,0,3164,1),
(54662,72330,142,0,3164,1),
(54662,72329,143,0,3164,1),
(54662,72331,144,0,3164,1),
(54662,72344,145,0,3164,1),
(54662,72352,146,0,3164,1),
(54662,72388,147,0,3164,1),
(54662,72387,148,0,3164,1),
(54662,72305,149,0,3164,1),
(54662,72306,150,0,3164,1),
(54662,72454,151,0,3164,1),
(54662,72453,152,0,3164,1),
(54662,72451,153,0,3164,1),
(54662,72452,154,0,3164,1),
(54662,72319,155,0,3164,1),
(54662,72321,156,0,3164,1),
(54662,72320,157,0,3164,1),
(54662,72323,158,0,3164,1),
(54662,72324,159,0,3164,1),
(54662,72322,160,0,3164,1),
(54662,72307,161,0,3164,1),
(54662,72308,162,0,3164,1),
(54662,72325,163,0,3164,1),
(54662,72326,164,0,3164,1),
(54662,72327,165,0,3164,1),
(54662,72312,166,0,3164,1),
(54662,72311,167,0,3164,1),
(54662,72458,168,0,3164,1),
(54662,72457,169,0,3164,1),
(54662,72367,170,0,3164,1),
(54662,72366,171,0,3164,1),
(54662,68769,172,0,2552,1),
(54662,68770,173,0,2552,1),
(54662,68768,174,0,2552,1),
(54662,70242,175,0,3551,1),
(54662,70239,176,0,3551,1),
(54662,70219,177,0,3551,1),
(54662,70218,178,0,3551,1),
(54662,70243,179,0,3551,1),
(54662,70240,180,0,3551,1),
(54662,70241,181,0,3551,1),
(54662,70215,182,0,3551,1),
(54662,70235,183,0,3552,1),
(54662,70234,184,0,3552,1),
(54662,70233,185,0,3552,1),
(54662,70232,186,0,3552,1),
(54662,72456,187,0,3552,1),
(54662,72328,188,0,3552,1),
(54662,72358,189,0,3552,1),
(54662,72310,190,0,3552,1),
(54662,70222,191,0,3549,1),
(54662,70211,192,0,3549,1),
(54662,70223,193,0,3549,1),
(54662,70212,194,0,3549,1),
(54662,70221,195,0,3549,1),
(54662,70230,196,0,3549,1),
(54662,70220,197,0,3549,1),
(54662,70217,198,0,3549,1),
(54662,70214,199,0,3549,1),
(54662,70229,200,0,3549,1),
(54662,70216,201,0,3549,1);


DELETE FROM `creature` WHERE `id` IN (51255,51256,51254,46593,46594,46595);

DELETE FROM `creature` WHERE `id` IN (54662,54661,54660,54659,54658,54657);
INSERT INTO `creature` (`id`,`map`,`spawnMask`,`phaseMask`,`position_x`,`position_y`,`position_z`,`orientation`,`spawntimesecs`,`spawndist`,`MovementType`) VALUES
(54659,1,1,1,1671.66,-4168.72,56.3184,3.9968,120,0,0),
(54658,1,1,1,1677.1,-4176.04,56.3885,3.61283,120,0,0),
(54657,1,1,1,1678.42,-4182.53,56.4014,3.21141,120,0,0),
(54660,0,1,1,-8775.98,424.457,105.316,4.79965,120,0,0),
(54661,0,1,1,-8781.12,420.38,105.316,5.98648,120,0,0),
(54662,0,1,1,-8771.24,422.264,104.004,4.24115,120,0,0);


DELETE FROM `npc_vendor` WHERE (`entry`=52033 AND `item`=52722) OR (`entry`=52033 AND `item`=52555) OR (`entry`=52033 AND `item`=52719) OR (`entry`=52033 AND `item`=52721) OR (`entry`=52033 AND `item`=52976) OR (`entry`=52033 AND `item`=53010) OR (`entry`=52033 AND `item`=52185) OR (`entry`=52033 AND `item`=68813) OR (`entry`=52033 AND `item`=395);
INSERT INTO `npc_vendor` (`entry`,`item`,`slot`,`maxcount`,`ExtendedCost`,`Type`) VALUES
(52033,52722,1,0,3407,1), -- 52722
(52033,52555,2,0,3338,1), -- 52555
(52033,52719,3,0,3339,1), -- 52719
(52033,52721,4,0,3340,1), -- 52721
(52033,52976,5,0,3341,1), -- 52976
(52033,53010,6,0,3344,1), -- 53010
(52033,52185,7,0,3342,1), -- 52185
(52033,68813,8,0,3343,1), -- 68813
(52033,395,9,0,3410,2); -- 395


DELETE FROM `npc_vendor` WHERE (`entry`=52029 AND `item`=52722) OR (`entry`=52029 AND `item`=52555) OR (`entry`=52029 AND `item`=52719) OR (`entry`=52029 AND `item`=52721) OR (`entry`=52029 AND `item`=52976) OR (`entry`=52029 AND `item`=53010) OR (`entry`=52029 AND `item`=52185) OR (`entry`=52029 AND `item`=68813) OR (`entry`=52029 AND `item`=395);
INSERT INTO `npc_vendor` (`entry`,`item`,`slot`,`maxcount`,`ExtendedCost`,`Type`) VALUES
(52029,52722,1,0,3407,1), -- 52722
(52029,52555,2,0,3338,1), -- 52555
(52029,52719,3,0,3339,1), -- 52719
(52029,52721,4,0,3340,1), -- 52721
(52029,52976,5,0,3341,1), -- 52976
(52029,53010,6,0,3344,1), -- 53010
(52029,52185,7,0,3342,1), -- 52185
(52029,68813,8,0,3343,1), -- 68813
(52029,395,9,250,3410,2); -- 395


