UPDATE creature_template SET ScriptName='' Where ScriptName='mob_nefarian_helper_heroic' AND entry=49427;
UPDATE creature_template SET ScriptName='mob_nefarian_helper_heroic' WHERE entry=49226;
REPLACE INTO `creature_template` (`entry`, `difficulty_entry_1`, `difficulty_entry_2`, `difficulty_entry_3`, `KillCredit1`, `KillCredit2`, `modelid1`, `modelid2`, `modelid3`, `modelid4`, `name`, `subname`, `IconName`, `gossip_menu_id`, `minlevel`, `maxlevel`, `exp`, `faction_A`, `faction_H`, `npcflag`, `speed_walk`, `speed_run`, `scale`, `rank`, `mindmg`, `maxdmg`, `dmgschool`, `attackpower`, `dmg_multiplier`, `baseattacktime`, `rangeattacktime`, `unit_class`, `unit_flags`, `dynamicflags`, `family`, `trainer_type`, `trainer_spell`, `trainer_class`, `trainer_race`, `minrangedmg`, `maxrangedmg`, `rangedattackpower`, `type`, `type_flags`, `lootid`, `pickpocketloot`, `skinloot`, `resistance1`, `resistance2`, `resistance3`, `resistance4`, `resistance5`, `resistance6`, `spell1`, `spell2`, `spell3`, `spell4`, `spell5`, `spell6`, `spell7`, `spell8`, `PetSpellDataId`, `VehicleId`, `mingold`, `maxgold`, `AIName`, `MovementType`, `InhabitType`, `Health_mod`, `Mana_mod`, `Armor_mod`, `RacialLeader`, `questItem1`, `questItem2`, `questItem3`, `questItem4`, `questItem5`, `questItem6`, `movementId`, `RegenHealth`, `equipment_id`, `mechanic_immune_mask`, `flags_extra`, `ScriptName`, `WDBVerified`) VALUES (49226, 0, 0, 0, 0, 0, 32440, 0, 0, 0, 'Lord Victor Nefarius', 'Lord of Blackrock', '', 0, 88, 88, 3, 14, 14, 0, 1, 1.14286, 1, 1, 1, 1, 0, 5000, 1, 2000, 2000, 1, 6, 8, 0, 0, 0, 0, 0, 0, 0, 5000, 2, 76, 0, 0, 0, 0, 0, 0, 0, 0, 0, 0, 0, 0, 0, 0, 0, 0, 0, 0, 0, 0, 0, '', 0, 3, 22761400, 100, 1, 0, 0, 0, 0, 0, 0, 0, 0, 1, 0, 0, 0, 'mob_nefarian_helper_heroic', 1);
DELETE FROM `creature_text` WHERE `entry` = 49226;
REPLACE INTO `creature_template` (`entry`, `difficulty_entry_1`, `difficulty_entry_2`, `difficulty_entry_3`, `KillCredit1`, `KillCredit2`, `modelid1`, `modelid2`, `modelid3`, `modelid4`, `name`, `subname`, `IconName`, `gossip_menu_id`, `minlevel`, `maxlevel`, `exp`, `faction_A`, `faction_H`, `npcflag`, `speed_walk`, `speed_run`, `scale`, `rank`, `mindmg`, `maxdmg`, `dmgschool`, `attackpower`, `dmg_multiplier`, `baseattacktime`, `rangeattacktime`, `unit_class`, `unit_flags`, `dynamicflags`, `family`, `trainer_type`, `trainer_spell`, `trainer_class`, `trainer_race`, `minrangedmg`, `maxrangedmg`, `rangedattackpower`, `type`, `type_flags`, `lootid`, `pickpocketloot`, `skinloot`, `resistance1`, `resistance2`, `resistance3`, `resistance4`, `resistance5`, `resistance6`, `spell1`, `spell2`, `spell3`, `spell4`, `spell5`, `spell6`, `spell7`, `spell8`, `PetSpellDataId`, `VehicleId`, `mingold`, `maxgold`, `AIName`, `MovementType`, `InhabitType`, `Health_mod`, `Mana_mod`, `Armor_mod`, `RacialLeader`, `questItem1`, `questItem2`, `questItem3`, `questItem4`, `questItem5`, `questItem6`, `movementId`, `RegenHealth`, `equipment_id`, `mechanic_immune_mask`, `flags_extra`, `ScriptName`, `WDBVerified`) VALUES (49938, 0, 0, 0, 0, 0, 11686, 0, 0, 0, 'Maloriak - Test', '', '', 0, 85, 85, 0, 14, 14, 0, 1, 1.14286, 1, 1, 1, 1, 0, 5000, 1, 2000, 2000, 1, 33685764, 8, 0, 0, 0, 0, 0, 0, 0, 5000, 2, 108, 0, 0, 0, 0, 0, 0, 0, 0, 0, 0, 0, 0, 0, 0, 0, 0, 0, 0, 0, 0, 0, '', 0, 3, 240, 1, 1, 0, 0, 0, 0, 0, 0, 0, 169, 1, 0, 0, 2, 'mob_maloriak_atramedes_event', 1);
DELETE FROM `creature` WHERE `id`=49938;
REPLACE INTO `creature` (`id`,`map`,`spawnMask`,`phaseMask`,`modelid`,`equipment_id`,`position_x`,`position_y`,`position_z`,`orientation`,`spawntimesecs`,`spawndist`,`currentwaypoint`,`curhealth`,`curmana`,`MovementType`,`npcflag`,`unit_flags`,`dynamicflags`) VALUES
(49938, 669, 15, 1, 0, 0, 131.119, -226.108, 75.4534, 3.1699, 300, 0, 0, 240, 0, 0, 0, 0, 0);
UPDATE creature_text SET probability=100 WHERE entry IN (49226,43404);

DELETE FROM `gameobject` WHERE `id`=401937;
REPLACE INTO `gameobject` (`id`,`map`,`spawnMask`,`phaseMask`,`position_x`,`position_y`,`position_z`,`orientation`,`rotation0`,`rotation1`,`rotation2`,`rotation3`,`spawntimesecs`,`animprogress`,`state`) VALUES
(401937, 669, 15, 1, 228.65, -224.641, 74.8552, 6.22597, 0, 0, 0.028606, -0.999591, 300, 0, 1);

#normal/heroic enter
REPLACE INTO `creature_text` (`entry`, `groupid`, `id`, `text`, `type`, `language`, `probability`, `emote`, `duration`, `sound`, `comment`)
VALUES (49580, 0, 0, 'Welcome to my personal sanctum, heroes! I hope you find the accommodations to your liking. Herein you will find many of my failed experiments and ultimately my greatest triumph!', 1, 0, 0, 0, 0, 20090, 'VO_BD_Nefarian_Event22');
REPLACE INTO `creature_text` (`entry`, `groupid`, `id`, `text`, `type`, `language`, `probability`, `emote`, `duration`, `sound`, `comment`)
VALUES (49580, 1, 0, 'Mortals that fancy themselves HEROES have entered the Broken Hall! Oh, I do hope this \'raid\' will amuse me more than the last!', 1, 0, 0, 0, 0, 23379, 'VO_BD_Nefarian_ZoneIntro01');
UPDATE creature_text SET probability=100 WHERE entry=49580;

#omnitron
REPLACE INTO `creature_text` (`entry`, `groupid`, `id`, `text`, `type`, `language`, `probability`, `emote`, `duration`, `sound`, `comment`)
VALUES (49226, 2, 0, 'I should\'ve known better than to rely on something so stupidly named... to entertain me for long.', 1, 0, 0, 0, 0, 23373, 'VO_BD_Nefarian_OmnitronDead01');
REPLACE INTO `creature_text` (`entry`, `groupid`, `id`, `text`, `type`, `language`, `probability`, `emote`, `duration`, `sound`, `comment`)
VALUES (49226, 3, 0, 'Hmm, the Omnotron Defense System. Centuries ago, these constructs were considered the dwarves greatest tactical achievements. With so many counters to each construct\'s attacks, I\'ll have to rectify these designs for them to provide me ANY entertainment!', 1, 0, 0, 0, 0, 23374, 'VO_BD_Nefarian_OmnitronIntro01');
REPLACE INTO `creature_text` (`entry`, `groupid`, `id`, `text`, `type`, `language`, `probability`, `emote`, `duration`, `sound`, `comment`)
VALUES (49226, 4, 0, 'You would like to move away from that, wouldn\'t you? Too bad.', 1, 0, 0, 0, 0, 23375, 'VO_BD_Nefarian_OmnitronSpell01');
REPLACE INTO `creature_text` (`entry`, `groupid`, `id`, `text`, `type`, `language`, `probability`, `emote`, `duration`, `sound`, `comment`)
VALUES (49226, 5, 0, 'Stupid dwarves and your fascination with runes. Why would you create something that would help your enemy?', 1, 0, 0, 0, 0, 23376, 'VO_BD_Nefarian_OmnitronSpell02');
REPLACE INTO `creature_text` (`entry`, `groupid`, `id`, `text`, `type`, `language`, `probability`, `emote`, `duration`, `sound`, `comment`)
VALUES (49226, 6, 0, 'Lightning Conductor works much better in a crowd, yes?', 1, 0, 0, 0, 0, 23377, 'VO_BD_Nefarian_OmnitronSpell03');
REPLACE INTO `creature_text` (`entry`, `groupid`, `id`, `text`, `type`, `language`, `probability`, `emote`, `duration`, `sound`, `comment`)
VALUES (49226, 7, 0, 'Were you planing on using Toxitron\'s chemicals to damage the other constructs? Clever plan. Let me ruin that for you.', 1, 0, 0, 0, 0, 23378, 'VO_BD_Nefarian_OmnitronSpell04');
REPLACE INTO `creature_text` (`entry`, `groupid`, `id`, `text`, `type`, `language`, `probability`, `emote`, `duration`, `sound`, `comment`)
VALUES (49226, 8, 0, 'That malfunctioning piece of junk was murder on the repair bills.', 1, 0, 0, 0, 0, 20086, 'VO_BD_Nefarian_Event18');
 
#magmaw
REPLACE INTO npc_spellclick_spells values (42347,65403,1,0);
REPLACE INTO `creature_text` (`entry`, `groupid`, `id`, `text`, `type`, `language`, `probability`, `emote`, `duration`, `sound`, `comment`)
VALUES (49226, 9, 0, 'I found this fascinating speciman in the lava underneath this very room. Magmaw should provide an adequate challenge for your pathetic little band!', 1, 0, 0, 0, 0, 23367, 'VO_BD_Nefarian_MagmawIntro01');
REPLACE INTO `creature_text` (`entry`, `groupid`, `id`, `text`, `type`, `language`, `probability`, `emote`, `duration`, `sound`, `comment`)
VALUES (49226, 10, 0, 'Finally someone to deal with that unsightly pest! You have my thanks, \"heroes.\"', 1, 0, 0, 0, 0, 20085, 'VO_BD_Nefarian_Event17');
REPLACE INTO `creature_text` (`entry`, `groupid`, `id`, `text`, `type`, `language`, `probability`, `emote`, `duration`, `sound`, `comment`)
VALUES (49226, 11, 0, 'You won! How... disappointing. I could\'ve easily watched you all continue to stand in the fire.', 1, 0, 0, 0, 0, 23366, 'VO_BD_Nefarian_MagmawDead01');
REPLACE INTO `creature_text` (`entry`, `groupid`, `id`, `text`, `type`, `language`, `probability`, `emote`, `duration`, `sound`, `comment`)
VALUES (49226, 12, 0, 'INCONCEIVEABLE! You may actually defeat my lava worm! Perhaps I can help... TIP the scales.', 1, 0, 0, 0, 0, 23368, 'VO_BD_Nefarian_MagmawLowHealth');
REPLACE INTO `creature_text` (`entry`, `groupid`, `id`, `text`, `type`, `language`, `probability`, `emote`, `duration`, `sound`, `comment`)
VALUES (49226, 13, 0, 'On second thought, what fun is an adequate challenge?', 1, 0, 0, 0, 0, 23369, 'VO_BD_Nefarian_MagmawSummon01');
 
#maloriak
REPLACE INTO `creature_text` (`entry`, `groupid`, `id`, `text`, `type`, `language`, `probability`, `emote`, `duration`, `sound`, `comment`)
VALUES (49226, 14, 0, 'Maloriak, try not to lose to these mortals! Semi-competent help is SO hard to create.', 1, 0, 0, 0, 0, 23372, 'VO_BD_Nefarian_MaloriakIntro01');
REPLACE INTO `creature_text` (`entry`, `groupid`, `id`, `text`, `type`, `language`, `probability`, `emote`, `duration`, `sound`, `comment`)
VALUES (49226, 15, 0, 'Your mixtures are weak, Maloriak! They need a bit more... kick!', 1, 0, 0, 0, 0, 23370, 'VO_BD_Nefarian_Maloriak01');
REPLACE INTO `creature_text` (`entry`, `groupid`, `id`, `text`, `type`, `language`, `probability`, `emote`, `duration`, `sound`, `comment`)
VALUES (49226, 16, 0, 'Congratulations! Allow me to grant you a title befitting the amazing achievement you just performed! Henceforth, you shall be known as the Slayer of Stupid, Incompetent and Disappointing Minions!', 1, 0, 0, 0, 0, 23371, 'VO_BD_Nefarian_MaloriakDead01');
REPLACE INTO `creature_text` (`entry`, `groupid`, `id`, `text`, `type`, `language`, `probability`, `emote`, `duration`, `sound`, `comment`)
VALUES (49226, 17, 0, 'We never did see eye to eye... Good riddance I say!', 1, 0, 0, 0, 0, 20089, 'VO_BD_Nefarian_Event21');
 
#atramedes pre-event
DELETE FROM `creature_text` WHERE `entry`=43404;
REPLACE INTO `creature_text` (`entry`, `groupid`, `id`, `text`, `type`, `language`, `probability`, `emote`, `duration`, `sound`, `comment`)
VALUES (43404, 0, 0, 'My sincerest apologies for the disturbance, my liege. But I believe I have something you may be very interested in!', 0, 0, 0, 0, 0, 19860, 'VO_BD_Maloriak_event13');
REPLACE INTO `creature_text` (`entry`, `groupid`, `id`, `text`, `type`, `language`, `probability`, `emote`, `duration`, `sound`, `comment`)
VALUES (43404, 1, 0, 'Yes, yes!', 0, 0, 0, 0, 0, 19861, 'VO_BD_Maloriak_event14');
REPLACE INTO `creature_text` (`entry`, `groupid`, `id`, `text`, `type`, `language`, `probability`, `emote`, `duration`, `sound`, `comment`)
VALUES (43404, 2, 0, 'By extracting agents from the blood of various dragonflights I have created a salve that will bestow the wearer sight beyond sight!', 0, 0, 0, 0, 0, 19862, 'VO_BD_Maloriak_event15');
REPLACE INTO `creature_text` (`entry`, `groupid`, `id`, `text`, `type`, `language`, `probability`, `emote`, `duration`, `sound`, `comment`)
VALUES (43404, 3, 0, 'Senses beyond this realm of mortality!', 0, 0, 0, 0, 0, 19863, 'VO_BD_Maloriak_event16');
REPLACE INTO `creature_text` (`entry`, `groupid`, `id`, `text`, `type`, `language`, `probability`, `emote`, `duration`, `sound`, `comment`)
VALUES (43404, 4, 0, 'Atramedes! Your master beckons.', 0, 0, 0, 0, 0, 19864, 'VO_BD_Maloriak_event17');
REPLACE INTO `creature_text` (`entry`, `groupid`, `id`, `text`, `type`, `language`, `probability`, `emote`, `duration`, `sound`, `comment`)
VALUES (43404, 5, 0, 'I present to you experiment number 25463-D!', 0, 0, 0, 0, 0, 19865, 'VO_BD_Maloriak_event18');
REPLACE INTO `creature_text` (`entry`, `groupid`, `id`, `text`, `type`, `language`, `probability`, `emote`, `duration`, `sound`, `comment`)
VALUES (43404, 6, 0, 'How could this be?! I will dispose of him immediately!', 0, 0, 0, 0, 0, 19866, 'VO_BD_Maloriak_event19');
REPLACE INTO `creature_text` (`entry`, `groupid`, `id`, `text`, `type`, `language`, `probability`, `emote`, `duration`, `sound`, `comment`)
VALUES (43404, 7, 0, 'Yes, my lord.', 0, 0, 0, 0, 0, 19867, 'VO_BD_Maloriak_event20');
 
delete from creature_text where entry=49799;
DELETE FROM `smart_scripts` WHERE (`entryorguid`=49799 AND `source_type`=0);
REPLACE INTO `creature_text` (`entry`, `groupid`, `id`, `text`, `type`, `language`, `probability`, `emote`, `duration`, `sound`, `comment`)
VALUES (49799, 0, 0, 'Ah, Maloriak. How gracious of you to finally appear from that quarantine you call a laboratory. What have you got this time?', 0, 0, 0, 0, 0, 20091, 'VO_BD_Nefarian_Event23');
REPLACE INTO `creature_text` (`entry`, `groupid`, `id`, `text`, `type`, `language`, `probability`, `emote`, `duration`, `sound`, `comment`)
VALUES (49799, 1, 0, 'By all means, enlighten me.', 0, 0, 0, 0, 0, 20092, 'VO_BD_Nefarian_Event24');
REPLACE INTO `creature_text` (`entry`, `groupid`, `id`, `text`, `type`, `language`, `probability`, `emote`, `duration`, `sound`, `comment`)
VALUES (49799, 2, 0, 'It appears as though your experiment has failed. That whelp has gone completely blind! Look at him.', 0, 0, 0, 0, 0, 20093, 'VO_BD_Nefarian_Event25');
REPLACE INTO `creature_text` (`entry`, `groupid`, `id`, `text`, `type`, `language`, `probability`, `emote`, `duration`, `sound`, `comment`)
VALUES (49799, 3, 0, 'LOOK AT HIM!', 0, 0, 0, 0, 0, 20156, 'VO_BD_Nefarian_Event26');
REPLACE INTO `creature_text` (`entry`, `groupid`, `id`, `text`, `type`, `language`, `probability`, `emote`, `duration`, `sound`, `comment`)
VALUES (49799, 4, 0, 'No, not yet.', 0, 0, 0, 0, 0, 20094, 'VO_BD_Nefarian_Event27');
REPLACE INTO `creature_text` (`entry`, `groupid`, `id`, `text`, `type`, `language`, `probability`, `emote`, `duration`, `sound`, `comment`)
VALUES (49799, 5, 0, 'This object of your chagrin may still prove... valuable... to me.', 0, 0, 0, 0, 0, 20095, 'VO_BD_Nefarian_Event28');
REPLACE INTO `creature_text` (`entry`, `groupid`, `id`, `text`, `type`, `language`, `probability`, `emote`, `duration`, `sound`, `comment`)
VALUES (49799, 6, 0, 'Leave now, pathetic alchemist. I anxiously await your next failure.', 0, 0, 0, 0, 0, 20096, 'VO_BD_Nefarian_Event29');
UPDATE creature_text SET probability=100 WHERE entry=49799;

#atramedes
REPLACE INTO `creature_text` (`entry`, `groupid`, `id`, `text`, `type`, `language`, `probability`, `emote`, `duration`, `sound`, `comment`)
VALUES (49226, 25, 0, 'You should\'ve been disposed of a long time ago.', 1, 0, 0, 0, 0, 23357, 'VO_BD_Nefarian_AtramedesDead');
REPLACE INTO `creature_text` (`entry`, `groupid`, `id`, `text`, `type`, `language`, `probability`, `emote`, `duration`, `sound`, `comment`)
VALUES (49226, 26, 0, 'These shields are proving quite the nuisance!', 1, 0, 0, 0, 0, 23358, 'VO_BD_Nefarian_AtramedesGong');
REPLACE INTO `creature_text` (`entry`, `groupid`, `id`, `text`, `type`, `language`, `probability`, `emote`, `duration`, `sound`, `comment`)
VALUES (49226, 27, 0, 'Atramedes, the heroes are RIGHT THERE!', 1, 0, 0, 0, 0, 23359, 'VO_BD_Nefarian_AtramedesImp01');
REPLACE INTO `creature_text` (`entry`, `groupid`, `id`, `text`, `type`, `language`, `probability`, `emote`, `duration`, `sound`, `comment`)
VALUES (49226, 28, 0, 'Atramedes, are you going deaf as well as blind? Hurry up and kill them all!', 1, 0, 0, 0, 0, 23360, 'VO_BD_Nefarian_AtramedesIntro');
REPLACE INTO `creature_text` (`entry`, `groupid`, `id`, `text`, `type`, `language`, `probability`, `emote`, `duration`, `sound`, `comment`)
VALUES (49226, 29, 0, 'Now that was really unnecessary.', 1, 0, 0, 0, 0, 23387, 'VO_BD_Nefarian_Event19');
 
#chimaeron
REPLACE INTO `creature_text` (`entry`, `groupid`, `id`, `text`, `type`, `language`, `probability`, `emote`, `duration`, `sound`, `comment`)
VALUES (49226, 30, 0, 'Impressive! You managed to destroy one of my most horrific creations - a task I\'d thought impossible until now.', 1, 0, 0, 0, 0, 20088, 'VO_BD_Nefarian_Event20');
REPLACE INTO `creature_text` (`entry`, `groupid`, `id`, `text`, `type`, `language`, `probability`, `emote`, `duration`, `sound`, `comment`)
VALUES (49226, 31, 0, 'A shame to lose that experiment...', 1, 0, 0, 0, 0, 23361, 'VO_BD_Nefarian_ChimaronDead01');
REPLACE INTO `creature_text` (`entry`, `groupid`, `id`, `text`, `type`, `language`, `probability`, `emote`, `duration`, `sound`, `comment`)
VALUES (49226, 32, 0, 'Ah, Chimaeron! Truly a living testament to my scientific prowess. I reworked and twisted his form countless times over the years and the final result is truly something to behold.', 1, 0, 0, 0, 0, 23362, 'VO_BD_Nefarian_ChimaronIntro01');
REPLACE INTO `creature_text` (`entry`, `groupid`, `id`, `text`, `type`, `language`, `probability`, `emote`, `duration`, `sound`, `comment`)
VALUES (49226, 33, 0, 'Oh. You were expecting something else to happen just then, weren\'t you? Let\'s see how YOU adapt after a new set of adjustments, shall we?', 1, 0, 0, 0, 0, 23363, 'VO_BD_Nefarian_ChimaronSpell01');
REPLACE INTO `creature_text` (`entry`, `groupid`, `id`, `text`, `type`, `language`, `probability`, `emote`, `duration`, `sound`, `comment`)
VALUES (49226, 34, 0, 'Stop fighting yourself THIS INSTANT Chimaeron!', 1, 0, 0, 0, 0, 23364, 'VO_BD_Nefarian_ChimaronSpell02');
REPLACE INTO `creature_text` (`entry`, `groupid`, `id`, `text`, `type`, `language`, `probability`, `emote`, `duration`, `sound`, `comment`)
VALUES (49226, 35, 0, 'This fight has gone a bit stale. Allow me to spice things up!', 1, 0, 0, 0, 0, 23365, 'VO_BD_Nefarian_ChimaronSpell03');

REPLACE INTO `creature_template` (`entry`, `difficulty_entry_1`, `difficulty_entry_2`, `difficulty_entry_3`, `KillCredit1`, `KillCredit2`, `modelid1`, `modelid2`, `modelid3`, `modelid4`, `name`, `subname`, `IconName`, `gossip_menu_id`, `minlevel`, `maxlevel`, `exp`, `faction_A`, `faction_H`, `npcflag`, `speed_walk`, `speed_run`, `scale`, `rank`, `mindmg`, `maxdmg`, `dmgschool`, `attackpower`, `dmg_multiplier`, `baseattacktime`, `rangeattacktime`, `unit_class`, `unit_flags`, `dynamicflags`, `family`, `trainer_type`, `trainer_spell`, `trainer_class`, `trainer_race`, `minrangedmg`, `maxrangedmg`, `rangedattackpower`, `type`, `type_flags`, `lootid`, `pickpocketloot`, `skinloot`, `resistance1`, `resistance2`, `resistance3`, `resistance4`, `resistance5`, `resistance6`, `spell1`, `spell2`, `spell3`, `spell4`, `spell5`, `spell6`, `spell7`, `spell8`, `PetSpellDataId`, `VehicleId`, `mingold`, `maxgold`, `AIName`, `MovementType`, `InhabitType`, `Health_mod`, `Mana_mod`, `Armor_mod`, `RacialLeader`, `questItem1`, `questItem2`, `questItem3`, `questItem4`, `questItem5`, `questItem6`, `movementId`, `RegenHealth`, `equipment_id`, `mechanic_immune_mask`, `flags_extra`, `ScriptName`, `WDBVerified`) VALUES (49740, 49798, 0, 0, 0, 0, 18038, 0, 0, 0, 'Obnoxious Fiend', '', '', 0, 85, 85, 3, 14, 14, 0, 1, 1.14286, 1, 1, 1, 1, 0, 5000, 1, 2000, 2000, 1, 0, 8, 0, 0, 0, 0, 0, 0, 0, 5000, 3, 72, 0, 0, 0, 0, 0, 0, 0, 0, 0, 0, 0, 0, 0, 0, 0, 0, 0, 0, 0, 0, 0, '', 0, 3, 102300, 1, 1, 0, 0, 0, 0, 0, 0, 0, 152, 1, 0, 0, 0, 'mob_obnoxious_fiend', 1);
REPLACE INTO `creature_template` (`entry`, `difficulty_entry_1`, `difficulty_entry_2`, `difficulty_entry_3`, `KillCredit1`, `KillCredit2`, `modelid1`, `modelid2`, `modelid3`, `modelid4`, `name`, `subname`, `IconName`, `gossip_menu_id`, `minlevel`, `maxlevel`, `exp`, `faction_A`, `faction_H`, `npcflag`, `speed_walk`, `speed_run`, `scale`, `rank`, `mindmg`, `maxdmg`, `dmgschool`, `attackpower`, `dmg_multiplier`, `baseattacktime`, `rangeattacktime`, `unit_class`, `unit_flags`, `dynamicflags`, `family`, `trainer_type`, `trainer_spell`, `trainer_class`, `trainer_race`, `minrangedmg`, `maxrangedmg`, `rangedattackpower`, `type`, `type_flags`, `lootid`, `pickpocketloot`, `skinloot`, `resistance1`, `resistance2`, `resistance3`, `resistance4`, `resistance5`, `resistance6`, `spell1`, `spell2`, `spell3`, `spell4`, `spell5`, `spell6`, `spell7`, `spell8`, `PetSpellDataId`, `VehicleId`, `mingold`, `maxgold`, `AIName`, `MovementType`, `InhabitType`, `Health_mod`, `Mana_mod`, `Armor_mod`, `RacialLeader`, `questItem1`, `questItem2`, `questItem3`, `questItem4`, `questItem5`, `questItem6`, `movementId`, `RegenHealth`, `equipment_id`, `mechanic_immune_mask`, `flags_extra`, `ScriptName`, `WDBVerified`) VALUES (49798, 0, 0, 0, 0, 0, 18038, 0, 0, 0, 'Obnoxious Fiend(1)', '', '', 0, 85, 85, 3, 14, 14, 0, 1, 1.14286, 1, 1, 1, 1, 0, 5000, 1, 2000, 2000, 1, 0, 8, 0, 0, 0, 0, 0, 0, 0, 5000, 3, 72, 0, 0, 0, 0, 0, 0, 0, 0, 0, 0, 0, 0, 0, 0, 0, 0, 0, 0, 0, 0, 0, '', 0, 3, 154300, 1, 1, 0, 0, 0, 0, 0, 0, 0, 152, 1, 0, 0, 0, '', 1);
REPLACE INTO `creature_template` (`entry`, `difficulty_entry_1`, `difficulty_entry_2`, `difficulty_entry_3`, `KillCredit1`, `KillCredit2`, `modelid1`, `modelid2`, `modelid3`, `modelid4`, `name`, `subname`, `IconName`, `gossip_menu_id`, `minlevel`, `maxlevel`, `exp`, `faction_A`, `faction_H`, `npcflag`, `speed_walk`, `speed_run`, `scale`, `rank`, `mindmg`, `maxdmg`, `dmgschool`, `attackpower`, `dmg_multiplier`, `baseattacktime`, `rangeattacktime`, `unit_class`, `unit_flags`, `dynamicflags`, `family`, `trainer_type`, `trainer_spell`, `trainer_class`, `trainer_race`, `minrangedmg`, `maxrangedmg`, `rangedattackpower`, `type`, `type_flags`, `lootid`, `pickpocketloot`, `skinloot`, `resistance1`, `resistance2`, `resistance3`, `resistance4`, `resistance5`, `resistance6`, `spell1`, `spell2`, `spell3`, `spell4`, `spell5`, `spell6`, `spell7`, `spell8`, `PetSpellDataId`, `VehicleId`, `mingold`, `maxgold`, `AIName`, `MovementType`, `InhabitType`, `Health_mod`, `Mana_mod`, `Armor_mod`, `RacialLeader`, `questItem1`, `questItem2`, `questItem3`, `questItem4`, `questItem5`, `questItem6`, `movementId`, `RegenHealth`, `equipment_id`, `mechanic_immune_mask`, `flags_extra`, `ScriptName`, `WDBVerified`) VALUES (43404, 0, 0, 0, 0, 0, 33186, 0, 0, 0, 'Maloriak', '', '', 0, 85, 85, 3, 35, 35, 0, 1, 1.14286, 1, 1, 1, 1, 0, 5000, 1, 2000, 2000, 1, 0, 8, 0, 0, 0, 0, 0, 0, 0, 5000, 2, 104, 0, 0, 0, 0, 0, 0, 0, 0, 0, 0, 0, 0, 0, 0, 0, 0, 0, 0, 0, 0, 0, '', 0, 3, 20790000, 1, 1, 0, 0, 0, 0, 0, 0, 0, 169, 1, 0, 0, 0, '', 1);
REPLACE INTO `creature_template` (`entry`, `difficulty_entry_1`, `difficulty_entry_2`, `difficulty_entry_3`, `KillCredit1`, `KillCredit2`, `modelid1`, `modelid2`, `modelid3`, `modelid4`, `name`, `subname`, `IconName`, `gossip_menu_id`, `minlevel`, `maxlevel`, `exp`, `faction_A`, `faction_H`, `npcflag`, `speed_walk`, `speed_run`, `scale`, `rank`, `mindmg`, `maxdmg`, `dmgschool`, `attackpower`, `dmg_multiplier`, `baseattacktime`, `rangeattacktime`, `unit_class`, `unit_flags`, `dynamicflags`, `family`, `trainer_type`, `trainer_spell`, `trainer_class`, `trainer_race`, `minrangedmg`, `maxrangedmg`, `rangedattackpower`, `type`, `type_flags`, `lootid`, `pickpocketloot`, `skinloot`, `resistance1`, `resistance2`, `resistance3`, `resistance4`, `resistance5`, `resistance6`, `spell1`, `spell2`, `spell3`, `spell4`, `spell5`, `spell6`, `spell7`, `spell8`, `PetSpellDataId`, `VehicleId`, `mingold`, `maxgold`, `AIName`, `MovementType`, `InhabitType`, `Health_mod`, `Mana_mod`, `Armor_mod`, `RacialLeader`, `questItem1`, `questItem2`, `questItem3`, `questItem4`, `questItem5`, `questItem6`, `movementId`, `RegenHealth`, `equipment_id`, `mechanic_immune_mask`, `flags_extra`, `ScriptName`, `WDBVerified`) VALUES (43407, 0, 0, 0, 0, 0, 399, 0, 0, 0, 'Atramedes', '', '', 0, 85, 85, 3, 35, 35, 0, 1, 1.14286, 1, 0, 1, 1, 0, 5000, 1, 2000, 2000, 1, 0, 8, 0, 0, 0, 0, 0, 0, 0, 5000, 2, 0, 0, 0, 0, 0, 0, 0, 0, 0, 0, 0, 0, 0, 0, 0, 0, 0, 0, 0, 0, 0, 0, '', 0, 3, 12500, 1, 1, 0, 0, 0, 0, 0, 0, 0, 0, 1, 0, 0, 0, '', 1);
REPLACE INTO `creature_template` (`entry`, `difficulty_entry_1`, `difficulty_entry_2`, `difficulty_entry_3`, `KillCredit1`, `KillCredit2`, `modelid1`, `modelid2`, `modelid3`, `modelid4`, `name`, `subname`, `IconName`, `gossip_menu_id`, `minlevel`, `maxlevel`, `exp`, `faction_A`, `faction_H`, `npcflag`, `speed_walk`, `speed_run`, `scale`, `rank`, `mindmg`, `maxdmg`, `dmgschool`, `attackpower`, `dmg_multiplier`, `baseattacktime`, `rangeattacktime`, `unit_class`, `unit_flags`, `dynamicflags`, `family`, `trainer_type`, `trainer_spell`, `trainer_class`, `trainer_race`, `minrangedmg`, `maxrangedmg`, `rangedattackpower`, `type`, `type_flags`, `lootid`, `pickpocketloot`, `skinloot`, `resistance1`, `resistance2`, `resistance3`, `resistance4`, `resistance5`, `resistance6`, `spell1`, `spell2`, `spell3`, `spell4`, `spell5`, `spell6`, `spell7`, `spell8`, `PetSpellDataId`, `VehicleId`, `mingold`, `maxgold`, `AIName`, `MovementType`, `InhabitType`, `Health_mod`, `Mana_mod`, `Armor_mod`, `RacialLeader`, `questItem1`, `questItem2`, `questItem3`, `questItem4`, `questItem5`, `questItem6`, `movementId`, `RegenHealth`, `equipment_id`, `mechanic_immune_mask`, `flags_extra`, `ScriptName`, `WDBVerified`) VALUES (49799, 0, 0, 0, 0, 0, 32440, 0, 0, 0, 'Lord Victor Nefarius', 'Lord of Blackrock', '', 0, 85, 85, 3, 35, 35, 0, 1, 1.14286, 1, 3, 1, 1, 0, 5000, 1, 2000, 2000, 1, 131462, 8, 0, 0, 0, 0, 0, 0, 0, 5000, 2, 68, 0, 0, 0, 0, 0, 0, 0, 0, 0, 0, 0, 0, 0, 0, 0, 0, 0, 0, 0, 0, 0, '', 0, 3, 45970000, 1, 1, 0, 0, 0, 0, 0, 0, 0, 0, 1, 0, 617299839, 0, '', 1);
REPLACE INTO `creature_template` (`entry`, `difficulty_entry_1`, `difficulty_entry_2`, `difficulty_entry_3`, `KillCredit1`, `KillCredit2`, `modelid1`, `modelid2`, `modelid3`, `modelid4`, `name`, `subname`, `IconName`, `gossip_menu_id`, `minlevel`, `maxlevel`, `exp`, `faction_A`, `faction_H`, `npcflag`, `speed_walk`, `speed_run`, `scale`, `rank`, `mindmg`, `maxdmg`, `dmgschool`, `attackpower`, `dmg_multiplier`, `baseattacktime`, `rangeattacktime`, `unit_class`, `unit_flags`, `dynamicflags`, `family`, `trainer_type`, `trainer_spell`, `trainer_class`, `trainer_race`, `minrangedmg`, `maxrangedmg`, `rangedattackpower`, `type`, `type_flags`, `lootid`, `pickpocketloot`, `skinloot`, `resistance1`, `resistance2`, `resistance3`, `resistance4`, `resistance5`, `resistance6`, `spell1`, `spell2`, `spell3`, `spell4`, `spell5`, `spell6`, `spell7`, `spell8`, `PetSpellDataId`, `VehicleId`, `mingold`, `maxgold`, `AIName`, `MovementType`, `InhabitType`, `Health_mod`, `Mana_mod`, `Armor_mod`, `RacialLeader`, `questItem1`, `questItem2`, `questItem3`, `questItem4`, `questItem5`, `questItem6`, `movementId`, `RegenHealth`, `equipment_id`, `mechanic_immune_mask`, `flags_extra`, `ScriptName`, `WDBVerified`) VALUES (49580, 0, 0, 0, 0, 0, 32440, 0, 0, 0, 'Lord Victor Nefarius', 'Lord of Blackrock', '', 0, 85, 85, 0, 14, 14, 0, 1, 1.14286, 1, 1, 1, 1, 0, 5000, 1, 2000, 2000, 1, 131332, 8, 0, 0, 0, 0, 0, 0, 0, 5000, 2, 68, 0, 0, 0, 0, 0, 0, 0, 0, 0, 0, 0, 0, 0, 0, 0, 0, 0, 0, 0, 0, 0, '', 0, 3, 27137600, 100, 1, 0, 0, 0, 0, 0, 0, 0, 0, 1, 0, 0, 2, 'mob_nefarian_yeller', 1);
DELETE FROM `creature` WHERE `id`=49580;
REPLACE INTO `creature` (`id`,`map`,`spawnMask`,`phaseMask`,`modelid`,`equipment_id`,`position_x`,`position_y`,`position_z`,`orientation`,`spawntimesecs`,`spawndist`,`currentwaypoint`,`curhealth`,`curmana`,`MovementType`,`npcflag`,`unit_flags`,`dynamicflags`) VALUES
(49580, 669, 15, 1, 0, 0, -320.282, -222.95, 193.465, 3.21263, 86400, 0, 0, 27137600, 0, 0, 0, 0, 0);

DELETE FROM `gameobject` WHERE `id`=203625;
REPLACE INTO `gameobject` (`id`,`map`,`spawnMask`,`phaseMask`,`position_x`,`position_y`,`position_z`,`orientation`,`rotation0`,`rotation1`,`rotation2`,`rotation3`,`spawntimesecs`,`animprogress`,`state`) VALUES
(203625, 669, 15, 1, -325.367, -411.882, 213.873, 3.12781, 0, 0, 0.999976, 0.00688984, 300, 0, 1);

update creature set spawnmask=15 where map = 669;
update creature set spawntimesecs = 86400 where map = 669;
update gameobject set spawnmask=15 where map = 669;
update creature_text set probability = 100 where probability = 0;
update creature_text set type=14 where type=1;
update creature_text set type=12 where type=0;

DELETE FROM `smart_scripts` WHERE (`entryorguid`=49811 AND `source_type`=0);
REPLACE INTO `smart_scripts` (`entryorguid`, `source_type`, `id`, `link`, `event_type`, `event_phase_mask`, `event_chance`, `event_flags`, `event_param1`, `event_param2`, `event_param3`, `event_param4`, `action_type`, `action_param1`, `action_param2`, `action_param3`, `action_param4`, `action_param5`, `action_param6`, `target_type`, `target_param1`, `target_param2`, `target_param3`, `target_x`, `target_y`, `target_z`, `target_o`, `comment`) VALUES 
(49811, 0, 0, 0, 0, 0, 100, 31, 100, 100, 0, 0, 11, 63726, 1, 0, 0, 0, 0, 1, 0, 0, 0, 0, 0, 0, 0, 'pacify'),
(49811, 0, 1, 0, 0, 0, 100, 30, 3000, 13000, 30000, 40000, 11, 92929, 1, 0, 0, 0, 0, 5, 0, 0, 0, 0, 0, 0, 0, 'sludge');
REPLACE INTO `creature_template` (`entry`, `difficulty_entry_1`, `difficulty_entry_2`, `difficulty_entry_3`, `KillCredit1`, `KillCredit2`, `modelid1`, `modelid2`, `modelid3`, `modelid4`, `name`, `subname`, `IconName`, `gossip_menu_id`, `minlevel`, `maxlevel`, `exp`, `faction_A`, `faction_H`, `npcflag`, `speed_walk`, `speed_run`, `scale`, `rank`, `mindmg`, `maxdmg`, `dmgschool`, `attackpower`, `dmg_multiplier`, `baseattacktime`, `rangeattacktime`, `unit_class`, `unit_flags`, `dynamicflags`, `family`, `trainer_type`, `trainer_spell`, `trainer_class`, `trainer_race`, `minrangedmg`, `maxrangedmg`, `rangedattackpower`, `type`, `type_flags`, `lootid`, `pickpocketloot`, `skinloot`, `resistance1`, `resistance2`, `resistance3`, `resistance4`, `resistance5`, `resistance6`, `spell1`, `spell2`, `spell3`, `spell4`, `spell5`, `spell6`, `spell7`, `spell8`, `PetSpellDataId`, `VehicleId`, `mingold`, `maxgold`, `AIName`, `MovementType`, `InhabitType`, `Health_mod`, `Mana_mod`, `Armor_mod`, `RacialLeader`, `questItem1`, `questItem2`, `questItem3`, `questItem4`, `questItem5`, `questItem6`, `movementId`, `RegenHealth`, `equipment_id`, `mechanic_immune_mask`, `flags_extra`, `ScriptName`, `WDBVerified`) VALUES (49811, 49976, 0, 0, 0, 0, 33006, 0, 0, 0, 'Vile Swill', '', '', 0, 85, 85, 0, 14, 14, 0, 1, 1.14286, 1, 1, 1, 1, 0, 5000, 1, 2000, 2000, 1, 0, 8, 0, 0, 0, 0, 0, 0, 0, 5000, 10, 0, 0, 0, 0, 0, 0, 0, 0, 0, 0, 0, 0, 0, 0, 0, 0, 0, 0, 0, 0, 0, 0, 'SmartAI', 0, 3, 1606181, 1, 1, 0, 0, 0, 0, 0, 0, 0, 0, 1, 0, 0, 0, '', 1);
REPLACE INTO `creature_template` (`entry`, `difficulty_entry_1`, `difficulty_entry_2`, `difficulty_entry_3`, `KillCredit1`, `KillCredit2`, `modelid1`, `modelid2`, `modelid3`, `modelid4`, `name`, `subname`, `IconName`, `gossip_menu_id`, `minlevel`, `maxlevel`, `exp`, `faction_A`, `faction_H`, `npcflag`, `speed_walk`, `speed_run`, `scale`, `rank`, `mindmg`, `maxdmg`, `dmgschool`, `attackpower`, `dmg_multiplier`, `baseattacktime`, `rangeattacktime`, `unit_class`, `unit_flags`, `dynamicflags`, `family`, `trainer_type`, `trainer_spell`, `trainer_class`, `trainer_race`, `minrangedmg`, `maxrangedmg`, `rangedattackpower`, `type`, `type_flags`, `lootid`, `pickpocketloot`, `skinloot`, `resistance1`, `resistance2`, `resistance3`, `resistance4`, `resistance5`, `resistance6`, `spell1`, `spell2`, `spell3`, `spell4`, `spell5`, `spell6`, `spell7`, `spell8`, `PetSpellDataId`, `VehicleId`, `mingold`, `maxgold`, `AIName`, `MovementType`, `InhabitType`, `Health_mod`, `Mana_mod`, `Armor_mod`, `RacialLeader`, `questItem1`, `questItem2`, `questItem3`, `questItem4`, `questItem5`, `questItem6`, `movementId`, `RegenHealth`, `equipment_id`, `mechanic_immune_mask`, `flags_extra`, `ScriptName`, `WDBVerified`) VALUES (49976, 0, 0, 0, 0, 0, 33006, 0, 0, 0, 'Vile Swill(1)', '', '', 0, 85, 85, 3, 14, 14, 0, 1, 1.14286, 1, 1, 1, 1, 0, 5000, 1, 2000, 2000, 1, 0, 8, 0, 0, 0, 0, 0, 0, 0, 5000, 10, 0, 0, 0, 0, 0, 0, 0, 0, 0, 0, 0, 0, 0, 0, 0, 0, 0, 0, 0, 0, 0, 0, '', 0, 3, 5621631, 1, 1, 0, 0, 0, 0, 0, 0, 0, 0, 1, 0, 0, 0, '', 1);

DELETE FROM `smart_scripts` WHERE (`entryorguid`=50030 AND `source_type`=0);
REPLACE INTO `smart_scripts` (`entryorguid`, `source_type`, `id`, `link`, `event_type`, `event_phase_mask`, `event_chance`, `event_flags`, `event_param1`, `event_param2`, `event_param3`, `event_param4`, `action_type`, `action_param1`, `action_param2`, `action_param3`, `action_param4`, `action_param5`, `action_param6`, `target_type`, `target_param1`, `target_param2`, `target_param3`, `target_x`, `target_y`, `target_z`, `target_o`, `comment`) VALUES 
(50030, 0, 0, 0, 54, 0, 100, 30, 0, 0, 0, 0, 22, 1, 0, 0, 0, 0, 0, 1, 0, 0, 0, 0, 0, 0, 0, 'p1'),
(50030, 0, 1, 0, 54, 0, 100, 30, 0, 0, 0, 0, 8, 0, 0, 0, 0, 0, 0, 1, 0, 0, 0, 0, 0, 0, 0, 'passive'),
(50030, 0, 2, 0, 0, 1, 100, 31, 100, 100, 0, 0, 46, 30, 0, 0, 0, 0, 0, 1, 0, 0, 0, 0, 0, 0, 0, 'Move'),
(50030, 0, 3, 0, 0, 1, 100, 30, 500, 500, 700, 700, 11, 78094, 1, 0, 0, 0, 0, 1, 0, 0, 0, 0, 0, 0, 0, 'cast'),
(50030, 0, 4, 0, 0, 1, 100, 31, 9100, 9100, 0, 0, 41, 1000, 0, 0, 0, 0, 0, 1, 0, 0, 0, 0, 0, 0, 0, 'despawn'),
(50030, 0, 5, 0, 54, 0, 100, 30, 0, 0, 0, 0, 38, 0, 0, 0, 0, 0, 0, 1, 0, 0, 0, 0, 0, 0, 0, 'passive');
