-- spells
-- dev flames
delete from spell_linked_spell where spell_trigger = 86840;
delete from spell_linked_spell where spell_effect = 95431;
delete from spell_linked_spell where spell_trigger = 86505;
delete from spell_script_names where spell_id = 86844;
REPLACE INTO spell_script_names values (86844,'spell_devouring_flames');
-- dazzling
delete from spell_script_names where spell_id = 86408;
REPLACE INTO spell_script_names values (86408,'spell_dazzling_destruction');
delete from spell_script_names where spell_id = 86406;
REPLACE INTO spell_script_names values (86406,'spell_dazzling_missile');
-- tw meteor
delete from spell_script_names where spell_id = 88518;

-- templates and other
REPLACE INTO `creature_template` (`entry`, `difficulty_entry_1`, `difficulty_entry_2`, `difficulty_entry_3`, `KillCredit1`, `KillCredit2`, `modelid1`, `modelid2`, `modelid3`, `modelid4`, `name`, `subname`, `IconName`, `gossip_menu_id`, `minlevel`, `maxlevel`, `exp`, `faction_A`, `faction_H`, `npcflag`, `speed_walk`, `speed_run`, `scale`, `rank`, `mindmg`, `maxdmg`, `dmgschool`, `attackpower`, `dmg_multiplier`, `baseattacktime`, `rangeattacktime`, `unit_class`, `unit_flags`, `dynamicflags`, `family`, `trainer_type`, `trainer_spell`, `trainer_class`, `trainer_race`, `minrangedmg`, `maxrangedmg`, `rangedattackpower`, `type`, `type_flags`, `lootid`, `pickpocketloot`, `skinloot`, `resistance1`, `resistance2`, `resistance3`, `resistance4`, `resistance5`, `resistance6`, `spell1`, `spell2`, `spell3`, `spell4`, `spell5`, `spell6`, `spell7`, `spell8`, `PetSpellDataId`, `VehicleId`, `mingold`, `maxgold`, `AIName`, `MovementType`, `InhabitType`, `Health_mod`, `Mana_mod`, `Armor_mod`, `RacialLeader`, `questItem1`, `questItem2`, `questItem3`, `questItem4`, `questItem5`, `questItem6`, `movementId`, `RegenHealth`, `equipment_id`, `mechanic_immune_mask`, `flags_extra`, `ScriptName`, `WDBVerified`) VALUES (46374, 0, 0, 0, 0, 0, 11686, 0, 0, 0, 'Dazzling Destruction Stalker', '', '', 0, 85, 85, 0, 21, 21, 0, 1, 1.14286, 1, 0, 1, 1, 0, 5000, 1, 2000, 2000, 1, 33554436, 8, 0, 0, 0, 0, 0, 0, 0, 5000, 10, 1024, 0, 0, 0, 0, 0, 0, 0, 0, 0, 0, 0, 0, 0, 0, 0, 0, 0, 0, 0, 0, 0, '', 0, 3, 2, 1, 1, 0, 0, 0, 0, 0, 0, 0, 94, 1, 0, 0, 0, 'npc_dazzling_visual', 1);
DELETE FROM `smart_scripts` WHERE (`entryorguid`=46374 AND `source_type`=0);
REPLACE INTO `creature_template` (`entry`, `difficulty_entry_1`, `difficulty_entry_2`, `difficulty_entry_3`, `KillCredit1`, `KillCredit2`, `modelid1`, `modelid2`, `modelid3`, `modelid4`, `name`, `subname`, `IconName`, `gossip_menu_id`, `minlevel`, `maxlevel`, `exp`, `faction_A`, `faction_H`, `npcflag`, `speed_walk`, `speed_run`, `scale`, `rank`, `mindmg`, `maxdmg`, `dmgschool`, `attackpower`, `dmg_multiplier`, `baseattacktime`, `rangeattacktime`, `unit_class`, `unit_flags`, `dynamicflags`, `family`, `trainer_type`, `trainer_spell`, `trainer_class`, `trainer_race`, `minrangedmg`, `maxrangedmg`, `rangedattackpower`, `type`, `type_flags`, `lootid`, `pickpocketloot`, `skinloot`, `resistance1`, `resistance2`, `resistance3`, `resistance4`, `resistance5`, `resistance6`, `spell1`, `spell2`, `spell3`, `spell4`, `spell5`, `spell6`, `spell7`, `spell8`, `PetSpellDataId`, `VehicleId`, `mingold`, `maxgold`, `AIName`, `MovementType`, `InhabitType`, `Health_mod`, `Mana_mod`, `Armor_mod`, `RacialLeader`, `questItem1`, `questItem2`, `questItem3`, `questItem4`, `questItem5`, `questItem6`, `movementId`, `RegenHealth`, `equipment_id`, `mechanic_immune_mask`, `flags_extra`, `ScriptName`, `WDBVerified`) VALUES (46448, 0, 0, 0, 0, 0, 11686, 0, 0, 0, 'Fabulous Flames', '', '', 0, 85, 85, 0, 21, 21, 0, 1, 1.14286, 1, 0, 1, 1, 0, 5000, 1, 2000, 2000, 1, 33554436, 8, 0, 0, 0, 0, 0, 0, 0, 5000, 10, 1024, 0, 0, 0, 0, 0, 0, 0, 0, 0, 0, 0, 0, 0, 0, 0, 0, 0, 0, 0, 0, 0, '', 0, 3, 2, 1, 1, 0, 0, 0, 0, 0, 0, 0, 94, 1, 0, 0, 0, 'npc_fabulous_flames', 1);
DELETE FROM `smart_scripts` WHERE (`entryorguid`=46448 AND `source_type`=0);

REPLACE INTO `creature_template` (`entry`, `difficulty_entry_1`, `difficulty_entry_2`, `difficulty_entry_3`, `KillCredit1`, `KillCredit2`, `modelid1`, `modelid2`, `modelid3`, `modelid4`, `name`, `subname`, `IconName`, `gossip_menu_id`, `minlevel`, `maxlevel`, `exp`, `faction_A`, `faction_H`, `npcflag`, `speed_walk`, `speed_run`, `scale`, `rank`, `mindmg`, `maxdmg`, `dmgschool`, `attackpower`, `dmg_multiplier`, `baseattacktime`, `rangeattacktime`, `unit_class`, `unit_flags`, `dynamicflags`, `family`, `trainer_type`, `trainer_spell`, `trainer_class`, `trainer_race`, `minrangedmg`, `maxrangedmg`, `rangedattackpower`, `type`, `type_flags`, `lootid`, `pickpocketloot`, `skinloot`, `resistance1`, `resistance2`, `resistance3`, `resistance4`, `resistance5`, `resistance6`, `spell1`, `spell2`, `spell3`, `spell4`, `spell5`, `spell6`, `spell7`, `spell8`, `PetSpellDataId`, `VehicleId`, `mingold`, `maxgold`, `AIName`, `MovementType`, `InhabitType`, `Health_mod`, `Mana_mod`, `Armor_mod`, `RacialLeader`, `questItem1`, `questItem2`, `questItem3`, `questItem4`, `questItem5`, `questItem6`, `movementId`, `RegenHealth`, `equipment_id`, `mechanic_immune_mask`, `flags_extra`, `ScriptName`, `WDBVerified`) VALUES (45992, 57163, 57164, 57165, 0, 0, 34812, 0, 0, 0, 'Valiona', '', '', 0, 88, 88, 3, 16, 16, 0, 1, 1.14286, 1, 1, 26450, 38130, 0, 869, 1, 2000, 0, 1, 0, 0, 0, 0, 0, 0, 0, 611, 699, 173, 2, 108, 45992, 0, 0, 0, 0, 0, 0, 0, 0, 0, 0, 0, 0, 0, 0, 0, 0, 0, 0, 2332, 2332, '', 1, 5, 25810000, 209.073, 1, 0, 0, 0, 0, 0, 0, 0, 144, 1, 0, 604708828, 0, 'boss_valiona_bot', 1);
DELETE FROM `smart_scripts` WHERE (`entryorguid`=45992 AND `source_type`=0);
REPLACE INTO `creature_template` (`entry`, `difficulty_entry_1`, `difficulty_entry_2`, `difficulty_entry_3`, `KillCredit1`, `KillCredit2`, `modelid1`, `modelid2`, `modelid3`, `modelid4`, `name`, `subname`, `IconName`, `gossip_menu_id`, `minlevel`, `maxlevel`, `exp`, `faction_A`, `faction_H`, `npcflag`, `speed_walk`, `speed_run`, `scale`, `rank`, `mindmg`, `maxdmg`, `dmgschool`, `attackpower`, `dmg_multiplier`, `baseattacktime`, `rangeattacktime`, `unit_class`, `unit_flags`, `dynamicflags`, `family`, `trainer_type`, `trainer_spell`, `trainer_class`, `trainer_race`, `minrangedmg`, `maxrangedmg`, `rangedattackpower`, `type`, `type_flags`, `lootid`, `pickpocketloot`, `skinloot`, `resistance1`, `resistance2`, `resistance3`, `resistance4`, `resistance5`, `resistance6`, `spell1`, `spell2`, `spell3`, `spell4`, `spell5`, `spell6`, `spell7`, `spell8`, `PetSpellDataId`, `VehicleId`, `mingold`, `maxgold`, `AIName`, `MovementType`, `InhabitType`, `Health_mod`, `Mana_mod`, `Armor_mod`, `RacialLeader`, `questItem1`, `questItem2`, `questItem3`, `questItem4`, `questItem5`, `questItem6`, `movementId`, `RegenHealth`, `equipment_id`, `mechanic_immune_mask`, `flags_extra`, `ScriptName`, `WDBVerified`) VALUES (45993, 49903, 49904, 49905, 0, 0, 34813, 0, 0, 0, 'Theralion', '', '', 0, 88, 88, 3, 16, 16, 0, 1, 1.14286, 1, 1, 26145, 38130, 0, 869, 1, 2000, 0, 1, 0, 0, 0, 0, 0, 0, 0, 611, 699, 173, 2, 108, 45993, 0, 0, 0, 0, 0, 0, 0, 0, 0, 0, 0, 0, 0, 0, 0, 0, 0, 0, 2332, 2566, '', 1, 5, 25810000, 209.073, 1, 0, 0, 0, 0, 0, 0, 0, 144, 1, 0, 604708828, 0, 'boss_theralion_bot', 1);
DELETE FROM `smart_scripts` WHERE (`entryorguid`=45993 AND `source_type`=0);

delete from spell_linked_spell where spell_trigger=86013;
REPLACE INTO `creature_template` (`entry`, `difficulty_entry_1`, `difficulty_entry_2`, `difficulty_entry_3`, `KillCredit1`, `KillCredit2`, `modelid1`, `modelid2`, `modelid3`, `modelid4`, `name`, `subname`, `IconName`, `gossip_menu_id`, `minlevel`, `maxlevel`, `exp`, `faction_A`, `faction_H`, `npcflag`, `speed_walk`, `speed_run`, `scale`, `rank`, `mindmg`, `maxdmg`, `dmgschool`, `attackpower`, `dmg_multiplier`, `baseattacktime`, `rangeattacktime`, `unit_class`, `unit_flags`, `dynamicflags`, `family`, `trainer_type`, `trainer_spell`, `trainer_class`, `trainer_race`, `minrangedmg`, `maxrangedmg`, `rangedattackpower`, `type`, `type_flags`, `lootid`, `pickpocketloot`, `skinloot`, `resistance1`, `resistance2`, `resistance3`, `resistance4`, `resistance5`, `resistance6`, `spell1`, `spell2`, `spell3`, `spell4`, `spell5`, `spell6`, `spell7`, `spell8`, `PetSpellDataId`, `VehicleId`, `mingold`, `maxgold`, `AIName`, `MovementType`, `InhabitType`, `Health_mod`, `Mana_mod`, `Armor_mod`, `RacialLeader`, `questItem1`, `questItem2`, `questItem3`, `questItem4`, `questItem5`, `questItem6`, `movementId`, `RegenHealth`, `equipment_id`, `mechanic_immune_mask`, `flags_extra`, `ScriptName`, `WDBVerified`) VALUES (50014, 0, 0, 0, 0, 0, 11686, 0, 0, 0, 'Twilight Rift', '', '', 0, 85, 85, 3, 14, 14, 0, 1, 1.14286, 1, 0, 1, 1, 0, 5000, 1, 2000, 2000, 1, 0, 8, 0, 0, 0, 0, 0, 0, 0, 5000, 10, 0, 0, 0, 0, 0, 0, 0, 0, 0, 0, 0, 0, 0, 0, 0, 0, 0, 0, 0, 0, 0, 0, '', 0, 3, 77300, 1, 1, 0, 0, 0, 0, 0, 0, 0, 94, 1, 0, 0, 0, 'npc_twilight_rift', 1);
REPLACE INTO `creature_template` (`entry`, `difficulty_entry_1`, `difficulty_entry_2`, `difficulty_entry_3`, `KillCredit1`, `KillCredit2`, `modelid1`, `modelid2`, `modelid3`, `modelid4`, `name`, `subname`, `IconName`, `gossip_menu_id`, `minlevel`, `maxlevel`, `exp`, `faction_A`, `faction_H`, `npcflag`, `speed_walk`, `speed_run`, `scale`, `rank`, `mindmg`, `maxdmg`, `dmgschool`, `attackpower`, `dmg_multiplier`, `baseattacktime`, `rangeattacktime`, `unit_class`, `unit_flags`, `dynamicflags`, `family`, `trainer_type`, `trainer_spell`, `trainer_class`, `trainer_race`, `minrangedmg`, `maxrangedmg`, `rangedattackpower`, `type`, `type_flags`, `lootid`, `pickpocketloot`, `skinloot`, `resistance1`, `resistance2`, `resistance3`, `resistance4`, `resistance5`, `resistance6`, `spell1`, `spell2`, `spell3`, `spell4`, `spell5`, `spell6`, `spell7`, `spell8`, `PetSpellDataId`, `VehicleId`, `mingold`, `maxgold`, `AIName`, `MovementType`, `InhabitType`, `Health_mod`, `Mana_mod`, `Armor_mod`, `RacialLeader`, `questItem1`, `questItem2`, `questItem3`, `questItem4`, `questItem5`, `questItem6`, `movementId`, `RegenHealth`, `equipment_id`, `mechanic_immune_mask`, `flags_extra`, `ScriptName`, `WDBVerified`) VALUES (46304, 0, 0, 0, 0, 0, 11686, 0, 0, 0, 'Unstable Twilight', '', '', 0, 85, 85, 3, 14, 14, 0, 1, 1.14286, 1, 0, 1, 1, 0, 5000, 1, 2000, 2000, 1, 0, 8, 0, 0, 0, 0, 0, 0, 0, 5000, 10, 0, 0, 0, 0, 0, 0, 0, 0, 0, 0, 0, 0, 0, 0, 0, 0, 0, 0, 0, 0, 0, 0, '', 0, 3, 47300, 1, 1, 0, 0, 0, 0, 0, 0, 0, 76, 1, 0, 0, 0, 'npc_unstable_twilight', 1);
REPLACE INTO `creature_template` (`entry`, `difficulty_entry_1`, `difficulty_entry_2`, `difficulty_entry_3`, `KillCredit1`, `KillCredit2`, `modelid1`, `modelid2`, `modelid3`, `modelid4`, `name`, `subname`, `IconName`, `gossip_menu_id`, `minlevel`, `maxlevel`, `exp`, `faction_A`, `faction_H`, `npcflag`, `speed_walk`, `speed_run`, `scale`, `rank`, `mindmg`, `maxdmg`, `dmgschool`, `attackpower`, `dmg_multiplier`, `baseattacktime`, `rangeattacktime`, `unit_class`, `unit_flags`, `dynamicflags`, `family`, `trainer_type`, `trainer_spell`, `trainer_class`, `trainer_race`, `minrangedmg`, `maxrangedmg`, `rangedattackpower`, `type`, `type_flags`, `lootid`, `pickpocketloot`, `skinloot`, `resistance1`, `resistance2`, `resistance3`, `resistance4`, `resistance5`, `resistance6`, `spell1`, `spell2`, `spell3`, `spell4`, `spell5`, `spell6`, `spell7`, `spell8`, `PetSpellDataId`, `VehicleId`, `mingold`, `maxgold`, `AIName`, `MovementType`, `InhabitType`, `Health_mod`, `Mana_mod`, `Armor_mod`, `RacialLeader`, `questItem1`, `questItem2`, `questItem3`, `questItem4`, `questItem5`, `questItem6`, `movementId`, `RegenHealth`, `equipment_id`, `mechanic_immune_mask`, `flags_extra`, `ScriptName`, `WDBVerified`) VALUES (50008, 0, 0, 0, 0, 0, 31514, 31513, 31512, 0, 'Twilight Sentry', '', '', 0, 85, 85, 3, 14, 14, 0, 1, 1.14286, 1, 1, 1, 1, 0, 5000, 1, 2000, 2000, 8, 0, 8, 0, 0, 0, 0, 0, 0, 0, 5000, 2, 0, 0, 0, 0, 0, 0, 0, 0, 0, 0, 0, 0, 0, 0, 0, 0, 0, 0, 0, 0, 0, 0, '', 0, 3, 127300, 179100, 1, 0, 0, 0, 0, 0, 0, 0, 144, 1, 0, 0, 0, 'npc_twilight_sentry', 1);

-- Twilight Realm mobs.
-- Unstable Twilight
DELETE FROM `creature` WHERE `id`=46304;
REPLACE INTO `creature` (`id`,`map`,`spawnMask`,`phaseMask`,`modelid`,`equipment_id`,`position_x`,`position_y`,`position_z`,`orientation`,`spawntimesecs`,`spawndist`,`currentwaypoint`,`curhealth`,`curmana`,`MovementType`,`npcflag`,`unit_flags`,`dynamicflags`) VALUES
(46304, 671, 15, 32, 0, 0, -761.576, -659.582, 831.9, 4.84136, 300, 5, 0, 47300, 0, 1, 0, 0, 0),
(46304, 671, 15, 32, 0, 0, -760.869, -667.966, 831.897, 4.84765, 300, 0, 0, 47300, 0, 0, 0, 0, 0),
(46304, 671, 15, 32, 0, 0, -762.011, -675.914, 831.894, 4.86645, 300, 5, 0, 47300, 0, 1, 0, 0, 0),
(46304, 671, 15, 32, 0, 0, -740.195, -686.034, 831.89, 2.77207, 300, 5, 0, 47300, 0, 1, 0, 0, 0),
(46304, 671, 15, 32, 0, 0, -761.052, -709.438, 831.898, 4.73145, 300, 5, 0, 47300, 0, 1, 0, 0, 0),
(46304, 671, 15, 32, 0, 0, -738.179, -621.518, 836.697, 0.445278, 300, 5, 0, 47300, 0, 1, 0, 0, 0),
(46304, 671, 15, 32, 0, 0, -720.373, -645.738, 834.497, 4.27984, 300, 0, 0, 47300, 0, 0, 0, 0, 0),
(46304, 671, 15, 32, 0, 0, -716.942, -671.224, 831.897, 5.08176, 300, 5, 0, 47300, 0, 1, 0, 0, 0),
(46304, 671, 15, 32, 0, 0, -761.668, -640.593, 835.908, 1.85265, 300, 5, 0, 47300, 0, 1, 0, 0, 0),
(46304, 671, 15, 32, 0, 0, -723.606, -710.898, 831.898, 4.08276, 300, 5, 0, 47300, 0, 1, 0, 0, 0),
(46304, 671, 15, 32, 0, 0, -728.114, -730.094, 835.521, 4.30213, 300, 5, 0, 47300, 0, 1, 0, 0, 0),
(46304, 671, 15, 32, 0, 0, -743.014, -745.048, 836.698, 3.39088, 300, 5, 0, 47300, 0, 1, 0, 0, 0),
(46304, 671, 15, 32, 0, 0, -762.725, -737.083, 836.695, 2.78676, 300, 5, 0, 47300, 0, 1, 0, 0, 0),
(46304, 671, 15, 32, 0, 0, -748.117, -722.051, 832.768, 1.26214, 300, 5, 0, 47300, 0, 1, 0, 0, 0);

-- Twilight Sentry
DELETE FROM `creature` WHERE `id`=50008; 
REPLACE INTO `creature` (`id`,`map`,`spawnMask`,`phaseMask`,`modelid`,`equipment_id`,`position_x`,`position_y`,`position_z`,`orientation`,`spawntimesecs`,`spawndist`,`currentwaypoint`,`curhealth`,`curmana`,`MovementType`,`npcflag`,`unit_flags`,`dynamicflags`) VALUES
(50008, 671, 15, 32, 0, 0, -764.286, -690.384, 831.891, 0.401683, 300, 0, 0, 127300, 179100, 0, 0, 0, 0),
(50008, 671, 15, 32, 0, 0, -716.943, -691.795, 831.893, 2.94112, 300, 0, 0, 127300, 179100, 0, 0, 0, 0);

-- Bosses are visible too in Twilight Zone.
DELETE FROM `creature` WHERE `id`=45992;
REPLACE INTO `creature` (`id`,`map`,`spawnMask`,`phaseMask`,`modelid`,`equipment_id`,`position_x`,`position_y`,`position_z`,`orientation`,`spawntimesecs`,`spawndist`,`currentwaypoint`,`curhealth`,`curmana`,`MovementType`,`npcflag`,`unit_flags`,`dynamicflags`) VALUES
(45992, 671, 15, 33, 0, 0, -741.595, -633.372, 836.699, 4.75136, 86400, 0, 0, 25810000, 0, 0, 0, 0, 0);
DELETE FROM `creature` WHERE `id`=45993;
REPLACE INTO `creature` (`id`,`map`,`spawnMask`,`phaseMask`,`modelid`,`equipment_id`,`position_x`,`position_y`,`position_z`,`orientation`,`spawntimesecs`,`spawndist`,`currentwaypoint`,`curhealth`,`curmana`,`MovementType`,`npcflag`,`unit_flags`,`dynamicflags`) VALUES
(45993, 671, 15, 33, 0, 0, -741.556, -736.176, 836.698, 1.5862, 86400, 0, 0, 25810000, 0, 0, 0, 0, 0);
DELETE FROM `creature` WHERE `id`=46374;

-- Portals
REPLACE INTO `creature_template` (`entry`, `difficulty_entry_1`, `difficulty_entry_2`, `difficulty_entry_3`, `KillCredit1`, `KillCredit2`, `modelid1`, `modelid2`, `modelid3`, `modelid4`, `name`, `subname`, `IconName`, `gossip_menu_id`, `minlevel`, `maxlevel`, `exp`, `faction_A`, `faction_H`, `npcflag`, `speed_walk`, `speed_run`, `scale`, `rank`, `mindmg`, `maxdmg`, `dmgschool`, `attackpower`, `dmg_multiplier`, `baseattacktime`, `rangeattacktime`, `unit_class`, `unit_flags`, `dynamicflags`, `family`, `trainer_type`, `trainer_spell`, `trainer_class`, `trainer_race`, `minrangedmg`, `maxrangedmg`, `rangedattackpower`, `type`, `type_flags`, `lootid`, `pickpocketloot`, `skinloot`, `resistance1`, `resistance2`, `resistance3`, `resistance4`, `resistance5`, `resistance6`, `spell1`, `spell2`, `spell3`, `spell4`, `spell5`, `spell6`, `spell7`, `spell8`, `PetSpellDataId`, `VehicleId`, `mingold`, `maxgold`, `AIName`, `MovementType`, `InhabitType`, `Health_mod`, `Mana_mod`, `Armor_mod`, `RacialLeader`, `questItem1`, `questItem2`, `questItem3`, `questItem4`, `questItem5`, `questItem6`, `movementId`, `RegenHealth`, `equipment_id`, `mechanic_immune_mask`, `flags_extra`, `ScriptName`, `WDBVerified`) VALUES (46301, 0, 0, 0, 0, 0, 35016, 0, 0, 0, 'Collapsing Twilight Portal', '', 'Interact', 0, 85, 85, 3, 35, 35, 16777216, 1, 1.14286, 1, 0, 1, 1, 0, 5000, 1, 2000, 2000, 1, 0, 0, 0, 0, 0, 0, 0, 0, 0, 5000, 10, 0, 0, 0, 0, 0, 0, 0, 0, 0, 0, 0, 0, 0, 0, 0, 0, 0, 0, 0, 0, 0, 0, '', 0, 3, 24100, 1, 1, 0, 0, 0, 0, 0, 0, 0, 94, 1, 0, 0, 0, 'npc_collapsing_tw_portal', 1);
DELETE FROM `creature` WHERE `id`=46301;
REPLACE INTO `creature` (`id`,`map`,`spawnMask`,`phaseMask`,`modelid`,`equipment_id`,`position_x`,`position_y`,`position_z`,`orientation`,`spawntimesecs`,`spawndist`,`currentwaypoint`,`curhealth`,`curmana`,`MovementType`,`npcflag`,`unit_flags`,`dynamicflags`) VALUES
(46301, 671, 15, 32, 0, 0, -740.7, -684.502, 831.889, 4.68902, 300, 0, 0, 24100, 0, 0, 0, 0, 0),
(46301, 671, 15, 32, 0, 0, -742.081, -631.441, 836.698, 4.69689, 300, 0, 0, 24100, 0, 0, 0, 0, 0),
(46301, 671, 15, 32, 0, 0, -741.443, -740.062, 836.697, 1.53221, 300, 0, 0, 24100, 0, 0, 0, 0, 0);
delete from npc_spellclick_spells where npc_entry=46301;
REPLACE INTO npc_spellclick_spells values (46301,74812,3,1);
delete from spell_linked_spell where spell_trigger=74812;
REPLACE INTO spell_linked_spell values (74812,-74807,1,'Remove Twilight realm VT');
REPLACE INTO spell_linked_spell values (74812,-86202,1,'Remove Twilight realm VT');

-- Fix training dummy and Shannox respawn time.
update creature_template set dynamicflags=0 where entry=44937;
update creature set spawntimesecs=86400 where id=53691;

REPLACE INTO `creature_template` (`entry`, `difficulty_entry_1`, `difficulty_entry_2`, `difficulty_entry_3`, `KillCredit1`, `KillCredit2`, `modelid1`, `modelid2`, `modelid3`, `modelid4`, `name`, `subname`, `IconName`, `gossip_menu_id`, `minlevel`, `maxlevel`, `exp`, `faction_A`, `faction_H`, `npcflag`, `speed_walk`, `speed_run`, `scale`, `rank`, `mindmg`, `maxdmg`, `dmgschool`, `attackpower`, `dmg_multiplier`, `baseattacktime`, `rangeattacktime`, `unit_class`, `unit_flags`, `dynamicflags`, `family`, `trainer_type`, `trainer_spell`, `trainer_class`, `trainer_race`, `minrangedmg`, `maxrangedmg`, `rangedattackpower`, `type`, `type_flags`, `lootid`, `pickpocketloot`, `skinloot`, `resistance1`, `resistance2`, `resistance3`, `resistance4`, `resistance5`, `resistance6`, `spell1`, `spell2`, `spell3`, `spell4`, `spell5`, `spell6`, `spell7`, `spell8`, `PetSpellDataId`, `VehicleId`, `mingold`, `maxgold`, `AIName`, `MovementType`, `InhabitType`, `Health_mod`, `Mana_mod`, `Armor_mod`, `RacialLeader`, `questItem1`, `questItem2`, `questItem3`, `questItem4`, `questItem5`, `questItem6`, `movementId`, `RegenHealth`, `equipment_id`, `mechanic_immune_mask`, `flags_extra`, `ScriptName`, `WDBVerified`) VALUES (40718, 0, 0, 0, 0, 0, 11686, 0, 0, 0, 'Twilight Flames', '', '', 0, 85, 85, 3, 14, 14, 0, 1, 1.14286, 1, 0, 1, 1, 0, 5000, 1, 2000, 2000, 1, 33554436, 8, 0, 0, 0, 0, 0, 0, 0, 5000, 10, 1024, 0, 0, 0, 0, 0, 0, 0, 0, 0, 0, 0, 0, 0, 0, 0, 0, 0, 0, 0, 0, 0, '', 0, 3, 25790, 1, 1, 0, 0, 0, 0, 0, 0, 0, 0, 1, 0, 0, 0, 'npc_twilight_flame', 1);